"STATISTIC","STATISTIC Label","TLIST(M1)","Month","C02136V02577","Product","UNIT","VALUE"
"AJM07","Manufacturing Milk Prices (including VAT)","200501","2005 January","1","Milk (per litre), actual fat and protein","Euro","0.308"
"AJM07","Manufacturing Milk Prices (including VAT)","200501","2005 January","2","Milk (per litre), 3.7% fat and 3.3% protein","Euro","0.301"
"AJM07","Manufacturing Milk Prices (including VAT)","200502","2005 February","1","Milk (per litre), actual fat and protein","Euro","0.288"
"AJM07","Manufacturing Milk Prices (including VAT)","200502","2005 February","2","Milk (per litre), 3.7% fat and 3.3% protein","Euro","0.281"
"AJM07","Manufacturing Milk Prices (including VAT)","200503","2005 March","1","Milk (per litre), actual fat and protein","Euro","0.272"
"AJM07","Manufacturing Milk Prices (including VAT)","200503","2005 March","2","Milk (per litre), 3.7% fat and 3.3% protein","Euro","0.269"
"AJM07","Manufacturing Milk Prices (including VAT)","200504","2005 April","1","Milk (per litre), actual fat and protein","Euro","0.267"
"AJM07","Manufacturing Milk Prices (including VAT)","200504","2005 April","2","Milk (per litre), 3.7% fat and 3.3% protein","Euro","0.268"
"AJM07","Manufacturing Milk Prices (including VAT)","200505","2005 May","1","Milk (per litre), actual fat and protein","Euro","0.265"
"AJM07","Manufacturing Milk Prices (including VAT)","200505","2005 May","2","Milk (per litre), 3.7% fat and 3.3% protein","Euro","0.268"
"AJM07","Manufacturing Milk Prices (including VAT)","200506","2005 June","1","Milk (per litre), actual fat and protein","Euro","0.262"
"AJM07","Manufacturing Milk Prices (including VAT)","200506","2005 June","2","Milk (per litre), 3.7% fat and 3.3% protein","Euro","0.266"
"AJM07","Manufacturing Milk Prices (including VAT)","200507","2005 July","1","Milk (per litre), actual fat and protein","Euro","0.262"
"AJM07","Manufacturing Milk Prices (including VAT)","200507","2005 July","2","Milk (per litre), 3.7% fat and 3.3% protein","Euro","0.264"
"AJM07","Manufacturing Milk Prices (including VAT)","200508","2005 August","1","Milk (per litre), actual fat and protein","Euro","0.269"
"AJM07","Manufacturing Milk Prices (including VAT)","200508","2005 August","2","Milk (per litre), 3.7% fat and 3.3% protein","Euro","0.267"
"AJM07","Manufacturing Milk Prices (including VAT)","200509","2005 September","1","Milk (per litre), actual fat and protein","Euro","0.286"
"AJM07","Manufacturing Milk Prices (including VAT)","200509","2005 September","2","Milk (per litre), 3.7% fat and 3.3% protein","Euro","0.276"
"AJM07","Manufacturing Milk Prices (including VAT)","200510","2005 October","1","Milk (per litre), actual fat and protein","Euro","0.305"
"AJM07","Manufacturing Milk Prices (including VAT)","200510","2005 October","2","Milk (per litre), 3.7% fat and 3.3% protein","Euro","0.285"
"AJM07","Manufacturing Milk Prices (including VAT)","200511","2005 November","1","Milk (per litre), actual fat and protein","Euro","0.311"
"AJM07","Manufacturing Milk Prices (including VAT)","200511","2005 November","2","Milk (per litre), 3.7% fat and 3.3% protein","Euro","0.29"
"AJM07","Manufacturing Milk Prices (including VAT)","200512","2005 December","1","Milk (per litre), actual fat and protein","Euro","0.309"
"AJM07","Manufacturing Milk Prices (including VAT)","200512","2005 December","2","Milk (per litre), 3.7% fat and 3.3% protein","Euro","0.297"
"AJM07","Manufacturing Milk Prices (including VAT)","200601","2006 January","1","Milk (per litre), actual fat and protein","Euro","0.294"
"AJM07","Manufacturing Milk Prices (including VAT)","200601","2006 January","2","Milk (per litre), 3.7% fat and 3.3% protein","Euro","0.289"
"AJM07","Manufacturing Milk Prices (including VAT)","200602","2006 February","1","Milk (per litre), actual fat and protein","Euro","0.282"
"AJM07","Manufacturing Milk Prices (including VAT)","200602","2006 February","2","Milk (per litre), 3.7% fat and 3.3% protein","Euro","0.277"
"AJM07","Manufacturing Milk Prices (including VAT)","200603","2006 March","1","Milk (per litre), actual fat and protein","Euro","0.264"
"AJM07","Manufacturing Milk Prices (including VAT)","200603","2006 March","2","Milk (per litre), 3.7% fat and 3.3% protein","Euro","0.261"
"AJM07","Manufacturing Milk Prices (including VAT)","200604","2006 April","1","Milk (per litre), actual fat and protein","Euro","0.258"
"AJM07","Manufacturing Milk Prices (including VAT)","200604","2006 April","2","Milk (per litre), 3.7% fat and 3.3% protein","Euro","0.261"
"AJM07","Manufacturing Milk Prices (including VAT)","200605","2006 May","1","Milk (per litre), actual fat and protein","Euro","0.259"
"AJM07","Manufacturing Milk Prices (including VAT)","200605","2006 May","2","Milk (per litre), 3.7% fat and 3.3% protein","Euro","0.263"
"AJM07","Manufacturing Milk Prices (including VAT)","200606","2006 June","1","Milk (per litre), actual fat and protein","Euro","0.252"
"AJM07","Manufacturing Milk Prices (including VAT)","200606","2006 June","2","Milk (per litre), 3.7% fat and 3.3% protein","Euro","0.257"
"AJM07","Manufacturing Milk Prices (including VAT)","200607","2006 July","1","Milk (per litre), actual fat and protein","Euro","0.249"
"AJM07","Manufacturing Milk Prices (including VAT)","200607","2006 July","2","Milk (per litre), 3.7% fat and 3.3% protein","Euro","0.253"
"AJM07","Manufacturing Milk Prices (including VAT)","200608","2006 August","1","Milk (per litre), actual fat and protein","Euro","0.256"
"AJM07","Manufacturing Milk Prices (including VAT)","200608","2006 August","2","Milk (per litre), 3.7% fat and 3.3% protein","Euro","0.256"
"AJM07","Manufacturing Milk Prices (including VAT)","200609","2006 September","1","Milk (per litre), actual fat and protein","Euro","0.27"
"AJM07","Manufacturing Milk Prices (including VAT)","200609","2006 September","2","Milk (per litre), 3.7% fat and 3.3% protein","Euro","0.262"
"AJM07","Manufacturing Milk Prices (including VAT)","200610","2006 October","1","Milk (per litre), actual fat and protein","Euro","0.287"
"AJM07","Manufacturing Milk Prices (including VAT)","200610","2006 October","2","Milk (per litre), 3.7% fat and 3.3% protein","Euro","0.27"
"AJM07","Manufacturing Milk Prices (including VAT)","200611","2006 November","1","Milk (per litre), actual fat and protein","Euro","0.296"
"AJM07","Manufacturing Milk Prices (including VAT)","200611","2006 November","2","Milk (per litre), 3.7% fat and 3.3% protein","Euro","0.277"
"AJM07","Manufacturing Milk Prices (including VAT)","200612","2006 December","1","Milk (per litre), actual fat and protein","Euro","0.288"
"AJM07","Manufacturing Milk Prices (including VAT)","200612","2006 December","2","Milk (per litre), 3.7% fat and 3.3% protein","Euro","0.277"
"AJM07","Manufacturing Milk Prices (including VAT)","200701","2007 January","1","Milk (per litre), actual fat and protein","Euro","0.282"
"AJM07","Manufacturing Milk Prices (including VAT)","200701","2007 January","2","Milk (per litre), 3.7% fat and 3.3% protein","Euro","0.276"
"AJM07","Manufacturing Milk Prices (including VAT)","200702","2007 February","1","Milk (per litre), actual fat and protein","Euro","0.269"
"AJM07","Manufacturing Milk Prices (including VAT)","200702","2007 February","2","Milk (per litre), 3.7% fat and 3.3% protein","Euro","0.263"
"AJM07","Manufacturing Milk Prices (including VAT)","200703","2007 March","1","Milk (per litre), actual fat and protein","Euro","0.251"
"AJM07","Manufacturing Milk Prices (including VAT)","200703","2007 March","2","Milk (per litre), 3.7% fat and 3.3% protein","Euro","0.247"
"AJM07","Manufacturing Milk Prices (including VAT)","200704","2007 April","1","Milk (per litre), actual fat and protein","Euro","0.272"
"AJM07","Manufacturing Milk Prices (including VAT)","200704","2007 April","2","Milk (per litre), 3.7% fat and 3.3% protein","Euro","0.276"
"AJM07","Manufacturing Milk Prices (including VAT)","200705","2007 May","1","Milk (per litre), actual fat and protein","Euro","0.292"
"AJM07","Manufacturing Milk Prices (including VAT)","200705","2007 May","2","Milk (per litre), 3.7% fat and 3.3% protein","Euro","0.295"
"AJM07","Manufacturing Milk Prices (including VAT)","200706","2007 June","1","Milk (per litre), actual fat and protein","Euro","0.318"
"AJM07","Manufacturing Milk Prices (including VAT)","200706","2007 June","2","Milk (per litre), 3.7% fat and 3.3% protein","Euro","0.319"
"AJM07","Manufacturing Milk Prices (including VAT)","200707","2007 July","1","Milk (per litre), actual fat and protein","Euro","0.34"
"AJM07","Manufacturing Milk Prices (including VAT)","200707","2007 July","2","Milk (per litre), 3.7% fat and 3.3% protein","Euro","0.34"
"AJM07","Manufacturing Milk Prices (including VAT)","200708","2007 August","1","Milk (per litre), actual fat and protein","Euro","0.375"
"AJM07","Manufacturing Milk Prices (including VAT)","200708","2007 August","2","Milk (per litre), 3.7% fat and 3.3% protein","Euro","0.37"
"AJM07","Manufacturing Milk Prices (including VAT)","200709","2007 September","1","Milk (per litre), actual fat and protein","Euro","0.412"
"AJM07","Manufacturing Milk Prices (including VAT)","200709","2007 September","2","Milk (per litre), 3.7% fat and 3.3% protein","Euro","0.401"
"AJM07","Manufacturing Milk Prices (including VAT)","200710","2007 October","1","Milk (per litre), actual fat and protein","Euro","0.438"
"AJM07","Manufacturing Milk Prices (including VAT)","200710","2007 October","2","Milk (per litre), 3.7% fat and 3.3% protein","Euro","0.413"
"AJM07","Manufacturing Milk Prices (including VAT)","200711","2007 November","1","Milk (per litre), actual fat and protein","Euro","0.451"
"AJM07","Manufacturing Milk Prices (including VAT)","200711","2007 November","2","Milk (per litre), 3.7% fat and 3.3% protein","Euro","0.424"
"AJM07","Manufacturing Milk Prices (including VAT)","200712","2007 December","1","Milk (per litre), actual fat and protein","Euro","0.431"
"AJM07","Manufacturing Milk Prices (including VAT)","200712","2007 December","2","Milk (per litre), 3.7% fat and 3.3% protein","Euro","0.417"
"AJM07","Manufacturing Milk Prices (including VAT)","200801","2008 January","1","Milk (per litre), actual fat and protein","Euro","0.415"
"AJM07","Manufacturing Milk Prices (including VAT)","200801","2008 January","2","Milk (per litre), 3.7% fat and 3.3% protein","Euro","0.403"
"AJM07","Manufacturing Milk Prices (including VAT)","200802","2008 February","1","Milk (per litre), actual fat and protein","Euro","0.405"
"AJM07","Manufacturing Milk Prices (including VAT)","200802","2008 February","2","Milk (per litre), 3.7% fat and 3.3% protein","Euro","0.397"
"AJM07","Manufacturing Milk Prices (including VAT)","200803","2008 March","1","Milk (per litre), actual fat and protein","Euro","0.387"
"AJM07","Manufacturing Milk Prices (including VAT)","200803","2008 March","2","Milk (per litre), 3.7% fat and 3.3% protein","Euro","0.381"
"AJM07","Manufacturing Milk Prices (including VAT)","200804","2008 April","1","Milk (per litre), actual fat and protein","Euro","0.345"
"AJM07","Manufacturing Milk Prices (including VAT)","200804","2008 April","2","Milk (per litre), 3.7% fat and 3.3% protein","Euro","0.347"
"AJM07","Manufacturing Milk Prices (including VAT)","200805","2008 May","1","Milk (per litre), actual fat and protein","Euro","0.332"
"AJM07","Manufacturing Milk Prices (including VAT)","200805","2008 May","2","Milk (per litre), 3.7% fat and 3.3% protein","Euro","0.337"
"AJM07","Manufacturing Milk Prices (including VAT)","200806","2008 June","1","Milk (per litre), actual fat and protein","Euro","0.32"
"AJM07","Manufacturing Milk Prices (including VAT)","200806","2008 June","2","Milk (per litre), 3.7% fat and 3.3% protein","Euro","0.322"
"AJM07","Manufacturing Milk Prices (including VAT)","200807","2008 July","1","Milk (per litre), actual fat and protein","Euro","0.326"
"AJM07","Manufacturing Milk Prices (including VAT)","200807","2008 July","2","Milk (per litre), 3.7% fat and 3.3% protein","Euro","0.324"
"AJM07","Manufacturing Milk Prices (including VAT)","200808","2008 August","1","Milk (per litre), actual fat and protein","Euro","0.324"
"AJM07","Manufacturing Milk Prices (including VAT)","200808","2008 August","2","Milk (per litre), 3.7% fat and 3.3% protein","Euro","0.317"
"AJM07","Manufacturing Milk Prices (including VAT)","200809","2008 September","1","Milk (per litre), actual fat and protein","Euro","0.324"
"AJM07","Manufacturing Milk Prices (including VAT)","200809","2008 September","2","Milk (per litre), 3.7% fat and 3.3% protein","Euro","0.308"
"AJM07","Manufacturing Milk Prices (including VAT)","200810","2008 October","1","Milk (per litre), actual fat and protein","Euro","0.336"
"AJM07","Manufacturing Milk Prices (including VAT)","200810","2008 October","2","Milk (per litre), 3.7% fat and 3.3% protein","Euro","0.309"
"AJM07","Manufacturing Milk Prices (including VAT)","200811","2008 November","1","Milk (per litre), actual fat and protein","Euro","0.33"
"AJM07","Manufacturing Milk Prices (including VAT)","200811","2008 November","2","Milk (per litre), 3.7% fat and 3.3% protein","Euro","0.303"
"AJM07","Manufacturing Milk Prices (including VAT)","200812","2008 December","1","Milk (per litre), actual fat and protein","Euro","0.319"
"AJM07","Manufacturing Milk Prices (including VAT)","200812","2008 December","2","Milk (per litre), 3.7% fat and 3.3% protein","Euro","0.304"
"AJM07","Manufacturing Milk Prices (including VAT)","200901","2009 January","1","Milk (per litre), actual fat and protein","Euro","0.288"
"AJM07","Manufacturing Milk Prices (including VAT)","200901","2009 January","2","Milk (per litre), 3.7% fat and 3.3% protein","Euro","0.277"
"AJM07","Manufacturing Milk Prices (including VAT)","200902","2009 February","1","Milk (per litre), actual fat and protein","Euro","0.264"
"AJM07","Manufacturing Milk Prices (including VAT)","200902","2009 February","2","Milk (per litre), 3.7% fat and 3.3% protein","Euro","0.257"
"AJM07","Manufacturing Milk Prices (including VAT)","200903","2009 March","1","Milk (per litre), actual fat and protein","Euro","0.219"
"AJM07","Manufacturing Milk Prices (including VAT)","200903","2009 March","2","Milk (per litre), 3.7% fat and 3.3% protein","Euro","0.216"
"AJM07","Manufacturing Milk Prices (including VAT)","200904","2009 April","1","Milk (per litre), actual fat and protein","Euro","0.218"
"AJM07","Manufacturing Milk Prices (including VAT)","200904","2009 April","2","Milk (per litre), 3.7% fat and 3.3% protein","Euro","0.219"
"AJM07","Manufacturing Milk Prices (including VAT)","200905","2009 May","1","Milk (per litre), actual fat and protein","Euro","0.216"
"AJM07","Manufacturing Milk Prices (including VAT)","200905","2009 May","2","Milk (per litre), 3.7% fat and 3.3% protein","Euro","0.217"
"AJM07","Manufacturing Milk Prices (including VAT)","200906","2009 June","1","Milk (per litre), actual fat and protein","Euro","0.212"
"AJM07","Manufacturing Milk Prices (including VAT)","200906","2009 June","2","Milk (per litre), 3.7% fat and 3.3% protein","Euro","0.214"
"AJM07","Manufacturing Milk Prices (including VAT)","200907","2009 July","1","Milk (per litre), actual fat and protein","Euro","0.214"
"AJM07","Manufacturing Milk Prices (including VAT)","200907","2009 July","2","Milk (per litre), 3.7% fat and 3.3% protein","Euro","0.214"
"AJM07","Manufacturing Milk Prices (including VAT)","200908","2009 August","1","Milk (per litre), actual fat and protein","Euro","0.221"
"AJM07","Manufacturing Milk Prices (including VAT)","200908","2009 August","2","Milk (per litre), 3.7% fat and 3.3% protein","Euro","0.217"
"AJM07","Manufacturing Milk Prices (including VAT)","200909","2009 September","1","Milk (per litre), actual fat and protein","Euro","0.249"
"AJM07","Manufacturing Milk Prices (including VAT)","200909","2009 September","2","Milk (per litre), 3.7% fat and 3.3% protein","Euro","0.236"
"AJM07","Manufacturing Milk Prices (including VAT)","200910","2009 October","1","Milk (per litre), actual fat and protein","Euro","0.279"
"AJM07","Manufacturing Milk Prices (including VAT)","200910","2009 October","2","Milk (per litre), 3.7% fat and 3.3% protein","Euro","0.261"
"AJM07","Manufacturing Milk Prices (including VAT)","200911","2009 November","1","Milk (per litre), actual fat and protein","Euro","0.295"
"AJM07","Manufacturing Milk Prices (including VAT)","200911","2009 November","2","Milk (per litre), 3.7% fat and 3.3% protein","Euro","0.274"
"AJM07","Manufacturing Milk Prices (including VAT)","200912","2009 December","1","Milk (per litre), actual fat and protein","Euro","0.285"
"AJM07","Manufacturing Milk Prices (including VAT)","200912","2009 December","2","Milk (per litre), 3.7% fat and 3.3% protein","Euro","0.269"
"AJM07","Manufacturing Milk Prices (including VAT)","201001","2010 January","1","Milk (per litre), actual fat and protein","Euro","0.289"
"AJM07","Manufacturing Milk Prices (including VAT)","201001","2010 January","2","Milk (per litre), 3.7% fat and 3.3% protein","Euro","0.277"
"AJM07","Manufacturing Milk Prices (including VAT)","201002","2010 February","1","Milk (per litre), actual fat and protein","Euro","0.274"
"AJM07","Manufacturing Milk Prices (including VAT)","201002","2010 February","2","Milk (per litre), 3.7% fat and 3.3% protein","Euro","0.263"
"AJM07","Manufacturing Milk Prices (including VAT)","201003","2010 March","1","Milk (per litre), actual fat and protein","Euro","0.264"
"AJM07","Manufacturing Milk Prices (including VAT)","201003","2010 March","2","Milk (per litre), 3.7% fat and 3.3% protein","Euro","0.258"
"AJM07","Manufacturing Milk Prices (including VAT)","201004","2010 April","1","Milk (per litre), actual fat and protein","Euro","0.272"
"AJM07","Manufacturing Milk Prices (including VAT)","201004","2010 April","2","Milk (per litre), 3.7% fat and 3.3% protein","Euro","0.272"
"AJM07","Manufacturing Milk Prices (including VAT)","201005","2010 May","1","Milk (per litre), actual fat and protein","Euro","0.298"
"AJM07","Manufacturing Milk Prices (including VAT)","201005","2010 May","2","Milk (per litre), 3.7% fat and 3.3% protein","Euro","0.303"
"AJM07","Manufacturing Milk Prices (including VAT)","201006","2010 June","1","Milk (per litre), actual fat and protein","Euro","0.301"
"AJM07","Manufacturing Milk Prices (including VAT)","201006","2010 June","2","Milk (per litre), 3.7% fat and 3.3% protein","Euro","0.303"
"AJM07","Manufacturing Milk Prices (including VAT)","201007","2010 July","1","Milk (per litre), actual fat and protein","Euro","0.304"
"AJM07","Manufacturing Milk Prices (including VAT)","201007","2010 July","2","Milk (per litre), 3.7% fat and 3.3% protein","Euro","0.301"
"AJM07","Manufacturing Milk Prices (including VAT)","201008","2010 August","1","Milk (per litre), actual fat and protein","Euro","0.311"
"AJM07","Manufacturing Milk Prices (including VAT)","201008","2010 August","2","Milk (per litre), 3.7% fat and 3.3% protein","Euro","0.306"
"AJM07","Manufacturing Milk Prices (including VAT)","201009","2010 September","1","Milk (per litre), actual fat and protein","Euro","0.331"
"AJM07","Manufacturing Milk Prices (including VAT)","201009","2010 September","2","Milk (per litre), 3.7% fat and 3.3% protein","Euro","0.317"
"AJM07","Manufacturing Milk Prices (including VAT)","201010","2010 October","1","Milk (per litre), actual fat and protein","Euro","0.353"
"AJM07","Manufacturing Milk Prices (including VAT)","201010","2010 October","2","Milk (per litre), 3.7% fat and 3.3% protein","Euro","0.33"
"AJM07","Manufacturing Milk Prices (including VAT)","201011","2010 November","1","Milk (per litre), actual fat and protein","Euro","0.368"
"AJM07","Manufacturing Milk Prices (including VAT)","201011","2010 November","2","Milk (per litre), 3.7% fat and 3.3% protein","Euro","0.337"
"AJM07","Manufacturing Milk Prices (including VAT)","201012","2010 December","1","Milk (per litre), actual fat and protein","Euro","0.351"
"AJM07","Manufacturing Milk Prices (including VAT)","201012","2010 December","2","Milk (per litre), 3.7% fat and 3.3% protein","Euro","0.327"
"AJM07","Manufacturing Milk Prices (including VAT)","201101","2011 January","1","Milk (per litre), actual fat and protein","Euro","0.35"
"AJM07","Manufacturing Milk Prices (including VAT)","201101","2011 January","2","Milk (per litre), 3.7% fat and 3.3% protein","Euro","0.337"
"AJM07","Manufacturing Milk Prices (including VAT)","201102","2011 February","1","Milk (per litre), actual fat and protein","Euro","0.354"
"AJM07","Manufacturing Milk Prices (including VAT)","201102","2011 February","2","Milk (per litre), 3.7% fat and 3.3% protein","Euro","0.341"
"AJM07","Manufacturing Milk Prices (including VAT)","201103","2011 March","1","Milk (per litre), actual fat and protein","Euro","0.335"
"AJM07","Manufacturing Milk Prices (including VAT)","201103","2011 March","2","Milk (per litre), 3.7% fat and 3.3% protein","Euro","0.325"
"AJM07","Manufacturing Milk Prices (including VAT)","201104","2011 April","1","Milk (per litre), actual fat and protein","Euro","0.331"
"AJM07","Manufacturing Milk Prices (including VAT)","201104","2011 April","2","Milk (per litre), 3.7% fat and 3.3% protein","Euro","0.33"
"AJM07","Manufacturing Milk Prices (including VAT)","201105","2011 May","1","Milk (per litre), actual fat and protein","Euro","0.331"
"AJM07","Manufacturing Milk Prices (including VAT)","201105","2011 May","2","Milk (per litre), 3.7% fat and 3.3% protein","Euro","0.331"
"AJM07","Manufacturing Milk Prices (including VAT)","201106","2011 June","1","Milk (per litre), actual fat and protein","Euro","0.345"
"AJM07","Manufacturing Milk Prices (including VAT)","201106","2011 June","2","Milk (per litre), 3.7% fat and 3.3% protein","Euro","0.344"
"AJM07","Manufacturing Milk Prices (including VAT)","201107","2011 July","1","Milk (per litre), actual fat and protein","Euro","0.347"
"AJM07","Manufacturing Milk Prices (including VAT)","201107","2011 July","2","Milk (per litre), 3.7% fat and 3.3% protein","Euro","0.344"
"AJM07","Manufacturing Milk Prices (including VAT)","201108","2011 August","1","Milk (per litre), actual fat and protein","Euro","0.356"
"AJM07","Manufacturing Milk Prices (including VAT)","201108","2011 August","2","Milk (per litre), 3.7% fat and 3.3% protein","Euro","0.347"
"AJM07","Manufacturing Milk Prices (including VAT)","201109","2011 September","1","Milk (per litre), actual fat and protein","Euro","0.381"
"AJM07","Manufacturing Milk Prices (including VAT)","201109","2011 September","2","Milk (per litre), 3.7% fat and 3.3% protein","Euro","0.365"
"AJM07","Manufacturing Milk Prices (including VAT)","201110","2011 October","1","Milk (per litre), actual fat and protein","Euro","0.4"
"AJM07","Manufacturing Milk Prices (including VAT)","201110","2011 October","2","Milk (per litre), 3.7% fat and 3.3% protein","Euro","0.372"
"AJM07","Manufacturing Milk Prices (including VAT)","201111","2011 November","1","Milk (per litre), actual fat and protein","Euro","0.409"
"AJM07","Manufacturing Milk Prices (including VAT)","201111","2011 November","2","Milk (per litre), 3.7% fat and 3.3% protein","Euro","0.385"
"AJM07","Manufacturing Milk Prices (including VAT)","201112","2011 December","1","Milk (per litre), actual fat and protein","Euro","0.384"
"AJM07","Manufacturing Milk Prices (including VAT)","201112","2011 December","2","Milk (per litre), 3.7% fat and 3.3% protein","Euro","0.367"
"AJM07","Manufacturing Milk Prices (including VAT)","201201","2012 January","1","Milk (per litre), actual fat and protein","Euro","0.375"
"AJM07","Manufacturing Milk Prices (including VAT)","201201","2012 January","2","Milk (per litre), 3.7% fat and 3.3% protein","Euro","0.368"
"AJM07","Manufacturing Milk Prices (including VAT)","201202","2012 February","1","Milk (per litre), actual fat and protein","Euro","0.369"
"AJM07","Manufacturing Milk Prices (including VAT)","201202","2012 February","2","Milk (per litre), 3.7% fat and 3.3% protein","Euro","0.361"
"AJM07","Manufacturing Milk Prices (including VAT)","201203","2012 March","1","Milk (per litre), actual fat and protein","Euro","0.347"
"AJM07","Manufacturing Milk Prices (including VAT)","201203","2012 March","2","Milk (per litre), 3.7% fat and 3.3% protein","Euro","0.343"
"AJM07","Manufacturing Milk Prices (including VAT)","201204","2012 April","1","Milk (per litre), actual fat and protein","Euro","0.319"
"AJM07","Manufacturing Milk Prices (including VAT)","201204","2012 April","2","Milk (per litre), 3.7% fat and 3.3% protein","Euro","0.315"
"AJM07","Manufacturing Milk Prices (including VAT)","201205","2012 May","1","Milk (per litre), actual fat and protein","Euro","0.298"
"AJM07","Manufacturing Milk Prices (including VAT)","201205","2012 May","2","Milk (per litre), 3.7% fat and 3.3% protein","Euro","0.294"
"AJM07","Manufacturing Milk Prices (including VAT)","201206","2012 June","1","Milk (per litre), actual fat and protein","Euro","0.297"
"AJM07","Manufacturing Milk Prices (including VAT)","201206","2012 June","2","Milk (per litre), 3.7% fat and 3.3% protein","Euro","0.294"
"AJM07","Manufacturing Milk Prices (including VAT)","201207","2012 July","1","Milk (per litre), actual fat and protein","Euro","0.294"
"AJM07","Manufacturing Milk Prices (including VAT)","201207","2012 July","2","Milk (per litre), 3.7% fat and 3.3% protein","Euro","0.293"
"AJM07","Manufacturing Milk Prices (including VAT)","201208","2012 August","1","Milk (per litre), actual fat and protein","Euro","0.307"
"AJM07","Manufacturing Milk Prices (including VAT)","201208","2012 August","2","Milk (per litre), 3.7% fat and 3.3% protein","Euro","0.298"
"AJM07","Manufacturing Milk Prices (including VAT)","201209","2012 September","1","Milk (per litre), actual fat and protein","Euro","0.344"
"AJM07","Manufacturing Milk Prices (including VAT)","201209","2012 September","2","Milk (per litre), 3.7% fat and 3.3% protein","Euro","0.316"
"AJM07","Manufacturing Milk Prices (including VAT)","201210","2012 October","1","Milk (per litre), actual fat and protein","Euro","0.375"
"AJM07","Manufacturing Milk Prices (including VAT)","201210","2012 October","2","Milk (per litre), 3.7% fat and 3.3% protein","Euro","0.328"
"AJM07","Manufacturing Milk Prices (including VAT)","201211","2012 November","1","Milk (per litre), actual fat and protein","Euro","0.388"
"AJM07","Manufacturing Milk Prices (including VAT)","201211","2012 November","2","Milk (per litre), 3.7% fat and 3.3% protein","Euro","0.345"
"AJM07","Manufacturing Milk Prices (including VAT)","201212","2012 December","1","Milk (per litre), actual fat and protein","Euro","0.364"
"AJM07","Manufacturing Milk Prices (including VAT)","201212","2012 December","2","Milk (per litre), 3.7% fat and 3.3% protein","Euro","0.345"
"AJM07","Manufacturing Milk Prices (including VAT)","201301","2013 January","1","Milk (per litre), actual fat and protein","Euro","0.369"
"AJM07","Manufacturing Milk Prices (including VAT)","201301","2013 January","2","Milk (per litre), 3.7% fat and 3.3% protein","Euro","0.362"
"AJM07","Manufacturing Milk Prices (including VAT)","201302","2013 February","1","Milk (per litre), actual fat and protein","Euro","0.368"
"AJM07","Manufacturing Milk Prices (including VAT)","201302","2013 February","2","Milk (per litre), 3.7% fat and 3.3% protein","Euro","0.358"
"AJM07","Manufacturing Milk Prices (including VAT)","201303","2013 March","1","Milk (per litre), actual fat and protein","Euro","0.353"
"AJM07","Manufacturing Milk Prices (including VAT)","201303","2013 March","2","Milk (per litre), 3.7% fat and 3.3% protein","Euro","0.351"
"AJM07","Manufacturing Milk Prices (including VAT)","201304","2013 April","1","Milk (per litre), actual fat and protein","Euro","0.357"
"AJM07","Manufacturing Milk Prices (including VAT)","201304","2013 April","2","Milk (per litre), 3.7% fat and 3.3% protein","Euro","0.359"
"AJM07","Manufacturing Milk Prices (including VAT)","201305","2013 May","1","Milk (per litre), actual fat and protein","Euro","0.374"
"AJM07","Manufacturing Milk Prices (including VAT)","201305","2013 May","2","Milk (per litre), 3.7% fat and 3.3% protein","Euro","0.374"
"AJM07","Manufacturing Milk Prices (including VAT)","201306","2013 June","1","Milk (per litre), actual fat and protein","Euro","0.383"
"AJM07","Manufacturing Milk Prices (including VAT)","201306","2013 June","2","Milk (per litre), 3.7% fat and 3.3% protein","Euro","0.379"
"AJM07","Manufacturing Milk Prices (including VAT)","201307","2013 July","1","Milk (per litre), actual fat and protein","Euro","0.381"
"AJM07","Manufacturing Milk Prices (including VAT)","201307","2013 July","2","Milk (per litre), 3.7% fat and 3.3% protein","Euro","0.379"
"AJM07","Manufacturing Milk Prices (including VAT)","201308","2013 August","1","Milk (per litre), actual fat and protein","Euro","0.406"
"AJM07","Manufacturing Milk Prices (including VAT)","201308","2013 August","2","Milk (per litre), 3.7% fat and 3.3% protein","Euro","0.39"
"AJM07","Manufacturing Milk Prices (including VAT)","201309","2013 September","1","Milk (per litre), actual fat and protein","Euro","0.437"
"AJM07","Manufacturing Milk Prices (including VAT)","201309","2013 September","2","Milk (per litre), 3.7% fat and 3.3% protein","Euro","0.395"
"AJM07","Manufacturing Milk Prices (including VAT)","201310","2013 October","1","Milk (per litre), actual fat and protein","Euro","0.468"
"AJM07","Manufacturing Milk Prices (including VAT)","201310","2013 October","2","Milk (per litre), 3.7% fat and 3.3% protein","Euro","0.402"
"AJM07","Manufacturing Milk Prices (including VAT)","201311","2013 November","1","Milk (per litre), actual fat and protein","Euro","0.476"
"AJM07","Manufacturing Milk Prices (including VAT)","201311","2013 November","2","Milk (per litre), 3.7% fat and 3.3% protein","Euro","0.41"
"AJM07","Manufacturing Milk Prices (including VAT)","201312","2013 December","1","Milk (per litre), actual fat and protein","Euro","0.457"
"AJM07","Manufacturing Milk Prices (including VAT)","201312","2013 December","2","Milk (per litre), 3.7% fat and 3.3% protein","Euro","0.42"
"AJM07","Manufacturing Milk Prices (including VAT)","201401","2014 January","1","Milk (per litre), actual fat and protein","Euro","0.436"
"AJM07","Manufacturing Milk Prices (including VAT)","201401","2014 January","2","Milk (per litre), 3.7% fat and 3.3% protein","Euro","0.424"
"AJM07","Manufacturing Milk Prices (including VAT)","201402","2014 February","1","Milk (per litre), actual fat and protein","Euro","0.43"
"AJM07","Manufacturing Milk Prices (including VAT)","201402","2014 February","2","Milk (per litre), 3.7% fat and 3.3% protein","Euro","0.42"
"AJM07","Manufacturing Milk Prices (including VAT)","201403","2014 March","1","Milk (per litre), actual fat and protein","Euro","0.403"
"AJM07","Manufacturing Milk Prices (including VAT)","201403","2014 March","2","Milk (per litre), 3.7% fat and 3.3% protein","Euro","0.405"
"AJM07","Manufacturing Milk Prices (including VAT)","201404","2014 April","1","Milk (per litre), actual fat and protein","Euro","0.399"
"AJM07","Manufacturing Milk Prices (including VAT)","201404","2014 April","2","Milk (per litre), 3.7% fat and 3.3% protein","Euro","0.392"
"AJM07","Manufacturing Milk Prices (including VAT)","201405","2014 May","1","Milk (per litre), actual fat and protein","Euro","0.383"
"AJM07","Manufacturing Milk Prices (including VAT)","201405","2014 May","2","Milk (per litre), 3.7% fat and 3.3% protein","Euro","0.378"
"AJM07","Manufacturing Milk Prices (including VAT)","201406","2014 June","1","Milk (per litre), actual fat and protein","Euro","0.381"
"AJM07","Manufacturing Milk Prices (including VAT)","201406","2014 June","2","Milk (per litre), 3.7% fat and 3.3% protein","Euro","0.376"
"AJM07","Manufacturing Milk Prices (including VAT)","201407","2014 July","1","Milk (per litre), actual fat and protein","Euro","0.364"
"AJM07","Manufacturing Milk Prices (including VAT)","201407","2014 July","2","Milk (per litre), 3.7% fat and 3.3% protein","Euro","0.355"
"AJM07","Manufacturing Milk Prices (including VAT)","201408","2014 August","1","Milk (per litre), actual fat and protein","Euro","0.377"
"AJM07","Manufacturing Milk Prices (including VAT)","201408","2014 August","2","Milk (per litre), 3.7% fat and 3.3% protein","Euro","0.355"
"AJM07","Manufacturing Milk Prices (including VAT)","201409","2014 September","1","Milk (per litre), actual fat and protein","Euro","0.366"
"AJM07","Manufacturing Milk Prices (including VAT)","201409","2014 September","2","Milk (per litre), 3.7% fat and 3.3% protein","Euro","0.328"
"AJM07","Manufacturing Milk Prices (including VAT)","201410","2014 October","1","Milk (per litre), actual fat and protein","Euro","0.394"
"AJM07","Manufacturing Milk Prices (including VAT)","201410","2014 October","2","Milk (per litre), 3.7% fat and 3.3% protein","Euro","0.334"
"AJM07","Manufacturing Milk Prices (including VAT)","201411","2014 November","1","Milk (per litre), actual fat and protein","Euro","0.388"
"AJM07","Manufacturing Milk Prices (including VAT)","201411","2014 November","2","Milk (per litre), 3.7% fat and 3.3% protein","Euro","0.335"
"AJM07","Manufacturing Milk Prices (including VAT)","201412","2014 December","1","Milk (per litre), actual fat and protein","Euro","0.362"
"AJM07","Manufacturing Milk Prices (including VAT)","201412","2014 December","2","Milk (per litre), 3.7% fat and 3.3% protein","Euro","0.339"
"AJM07","Manufacturing Milk Prices (including VAT)","201501","2015 January","1","Milk (per litre), actual fat and protein","Euro","0.345"
"AJM07","Manufacturing Milk Prices (including VAT)","201501","2015 January","2","Milk (per litre), 3.7% fat and 3.3% protein","Euro","0.336"
"AJM07","Manufacturing Milk Prices (including VAT)","201502","2015 February","1","Milk (per litre), actual fat and protein","Euro","0.346"
"AJM07","Manufacturing Milk Prices (including VAT)","201502","2015 February","2","Milk (per litre), 3.7% fat and 3.3% protein","Euro","0.341"
"AJM07","Manufacturing Milk Prices (including VAT)","201503","2015 March","1","Milk (per litre), actual fat and protein","Euro","0.311"
"AJM07","Manufacturing Milk Prices (including VAT)","201503","2015 March","2","Milk (per litre), 3.7% fat and 3.3% protein","Euro","0.31"
"AJM07","Manufacturing Milk Prices (including VAT)","201504","2015 April","1","Milk (per litre), actual fat and protein","Euro","0.313"
"AJM07","Manufacturing Milk Prices (including VAT)","201504","2015 April","2","Milk (per litre), 3.7% fat and 3.3% protein","Euro","0.307"
"AJM07","Manufacturing Milk Prices (including VAT)","201505","2015 May","1","Milk (per litre), actual fat and protein","Euro","0.299"
"AJM07","Manufacturing Milk Prices (including VAT)","201505","2015 May","2","Milk (per litre), 3.7% fat and 3.3% protein","Euro","0.288"
"AJM07","Manufacturing Milk Prices (including VAT)","201506","2015 June","1","Milk (per litre), actual fat and protein","Euro","0.291"
"AJM07","Manufacturing Milk Prices (including VAT)","201506","2015 June","2","Milk (per litre), 3.7% fat and 3.3% protein","Euro","0.28"
"AJM07","Manufacturing Milk Prices (including VAT)","201507","2015 July","1","Milk (per litre), actual fat and protein","Euro","0.281"
"AJM07","Manufacturing Milk Prices (including VAT)","201507","2015 July","2","Milk (per litre), 3.7% fat and 3.3% protein","Euro","0.268"
"AJM07","Manufacturing Milk Prices (including VAT)","201508","2015 August","1","Milk (per litre), actual fat and protein","Euro","0.288"
"AJM07","Manufacturing Milk Prices (including VAT)","201508","2015 August","2","Milk (per litre), 3.7% fat and 3.3% protein","Euro","0.267"
"AJM07","Manufacturing Milk Prices (including VAT)","201509","2015 September","1","Milk (per litre), actual fat and protein","Euro","0.302"
"AJM07","Manufacturing Milk Prices (including VAT)","201509","2015 September","2","Milk (per litre), 3.7% fat and 3.3% protein","Euro","0.266"
"AJM07","Manufacturing Milk Prices (including VAT)","201510","2015 October","1","Milk (per litre), actual fat and protein","Euro","0.322"
"AJM07","Manufacturing Milk Prices (including VAT)","201510","2015 October","2","Milk (per litre), 3.7% fat and 3.3% protein","Euro","0.272"
"AJM07","Manufacturing Milk Prices (including VAT)","201511","2015 November","1","Milk (per litre), actual fat and protein","Euro","0.322"
"AJM07","Manufacturing Milk Prices (including VAT)","201511","2015 November","2","Milk (per litre), 3.7% fat and 3.3% protein","Euro","0.275"
"AJM07","Manufacturing Milk Prices (including VAT)","201512","2015 December","1","Milk (per litre), actual fat and protein","Euro","0.304"
"AJM07","Manufacturing Milk Prices (including VAT)","201512","2015 December","2","Milk (per litre), 3.7% fat and 3.3% protein","Euro","0.281"
"AJM07","Manufacturing Milk Prices (including VAT)","201601","2016 January","1","Milk (per litre), actual fat and protein","Euro","0.301"
"AJM07","Manufacturing Milk Prices (including VAT)","201601","2016 January","2","Milk (per litre), 3.7% fat and 3.3% protein","Euro","0.289"
"AJM07","Manufacturing Milk Prices (including VAT)","201602","2016 February","1","Milk (per litre), actual fat and protein","Euro","0.297"
"AJM07","Manufacturing Milk Prices (including VAT)","201602","2016 February","2","Milk (per litre), 3.7% fat and 3.3% protein","Euro","0.285"
"AJM07","Manufacturing Milk Prices (including VAT)","201603","2016 March","1","Milk (per litre), actual fat and protein","Euro","0.252"
"AJM07","Manufacturing Milk Prices (including VAT)","201603","2016 March","2","Milk (per litre), 3.7% fat and 3.3% protein","Euro","0.248"
"AJM07","Manufacturing Milk Prices (including VAT)","201604","2016 April","1","Milk (per litre), actual fat and protein","Euro","0.249"
"AJM07","Manufacturing Milk Prices (including VAT)","201604","2016 April","2","Milk (per litre), 3.7% fat and 3.3% protein","Euro","0.244"
"AJM07","Manufacturing Milk Prices (including VAT)","201605","2016 May","1","Milk (per litre), actual fat and protein","Euro","0.247"
"AJM07","Manufacturing Milk Prices (including VAT)","201605","2016 May","2","Milk (per litre), 3.7% fat and 3.3% protein","Euro","0.241"
"AJM07","Manufacturing Milk Prices (including VAT)","201606","2016 June","1","Milk (per litre), actual fat and protein","Euro","0.243"
"AJM07","Manufacturing Milk Prices (including VAT)","201606","2016 June","2","Milk (per litre), 3.7% fat and 3.3% protein","Euro","0.237"
"AJM07","Manufacturing Milk Prices (including VAT)","201607","2016 July","1","Milk (per litre), actual fat and protein","Euro","0.253"
"AJM07","Manufacturing Milk Prices (including VAT)","201607","2016 July","2","Milk (per litre), 3.7% fat and 3.3% protein","Euro","0.243"
"AJM07","Manufacturing Milk Prices (including VAT)","201608","2016 August","1","Milk (per litre), actual fat and protein","Euro","0.279"
"AJM07","Manufacturing Milk Prices (including VAT)","201608","2016 August","2","Milk (per litre), 3.7% fat and 3.3% protein","Euro","0.261"
"AJM07","Manufacturing Milk Prices (including VAT)","201609","2016 September","1","Milk (per litre), actual fat and protein","Euro","0.309"
"AJM07","Manufacturing Milk Prices (including VAT)","201609","2016 September","2","Milk (per litre), 3.7% fat and 3.3% protein","Euro","0.272"
"AJM07","Manufacturing Milk Prices (including VAT)","201610","2016 October","1","Milk (per litre), actual fat and protein","Euro","0.351"
"AJM07","Manufacturing Milk Prices (including VAT)","201610","2016 October","2","Milk (per litre), 3.7% fat and 3.3% protein","Euro","0.294"
"AJM07","Manufacturing Milk Prices (including VAT)","201611","2016 November","1","Milk (per litre), actual fat and protein","Euro","0.377"
"AJM07","Manufacturing Milk Prices (including VAT)","201611","2016 November","2","Milk (per litre), 3.7% fat and 3.3% protein","Euro","0.315"
"AJM07","Manufacturing Milk Prices (including VAT)","201612","2016 December","1","Milk (per litre), actual fat and protein","Euro","0.362"
"AJM07","Manufacturing Milk Prices (including VAT)","201612","2016 December","2","Milk (per litre), 3.7% fat and 3.3% protein","Euro","0.328"
"AJM07","Manufacturing Milk Prices (including VAT)","201701","2017 January","1","Milk (per litre), actual fat and protein","Euro","0.368"
"AJM07","Manufacturing Milk Prices (including VAT)","201701","2017 January","2","Milk (per litre), 3.7% fat and 3.3% protein","Euro","0.351"
"AJM07","Manufacturing Milk Prices (including VAT)","201702","2017 February","1","Milk (per litre), actual fat and protein","Euro","0.356"
"AJM07","Manufacturing Milk Prices (including VAT)","201702","2017 February","2","Milk (per litre), 3.7% fat and 3.3% protein","Euro","0.336"
"AJM07","Manufacturing Milk Prices (including VAT)","201703","2017 March","1","Milk (per litre), actual fat and protein","Euro","0.331"
"AJM07","Manufacturing Milk Prices (including VAT)","201703","2017 March","2","Milk (per litre), 3.7% fat and 3.3% protein","Euro","0.325"
"AJM07","Manufacturing Milk Prices (including VAT)","201704","2017 April","1","Milk (per litre), actual fat and protein","Euro","0.331"
"AJM07","Manufacturing Milk Prices (including VAT)","201704","2017 April","2","Milk (per litre), 3.7% fat and 3.3% protein","Euro","0.322"
"AJM07","Manufacturing Milk Prices (including VAT)","201705","2017 May","1","Milk (per litre), actual fat and protein","Euro","0.341"
"AJM07","Manufacturing Milk Prices (including VAT)","201705","2017 May","2","Milk (per litre), 3.7% fat and 3.3% protein","Euro","0.33"
"AJM07","Manufacturing Milk Prices (including VAT)","201706","2017 June","1","Milk (per litre), actual fat and protein","Euro","0.351"
"AJM07","Manufacturing Milk Prices (including VAT)","201706","2017 June","2","Milk (per litre), 3.7% fat and 3.3% protein","Euro","0.339"
"AJM07","Manufacturing Milk Prices (including VAT)","201707","2017 July","1","Milk (per litre), actual fat and protein","Euro","0.366"
"AJM07","Manufacturing Milk Prices (including VAT)","201707","2017 July","2","Milk (per litre), 3.7% fat and 3.3% protein","Euro","0.351"
"AJM07","Manufacturing Milk Prices (including VAT)","201708","2017 August","1","Milk (per litre), actual fat and protein","Euro","0.394"
"AJM07","Manufacturing Milk Prices (including VAT)","201708","2017 August","2","Milk (per litre), 3.7% fat and 3.3% protein","Euro","0.364"
"AJM07","Manufacturing Milk Prices (including VAT)","201709","2017 September","1","Milk (per litre), actual fat and protein","Euro","0.426"
"AJM07","Manufacturing Milk Prices (including VAT)","201709","2017 September","2","Milk (per litre), 3.7% fat and 3.3% protein","Euro","0.37"
"AJM07","Manufacturing Milk Prices (including VAT)","201710","2017 October","1","Milk (per litre), actual fat and protein","Euro","0.438"
"AJM07","Manufacturing Milk Prices (including VAT)","201710","2017 October","2","Milk (per litre), 3.7% fat and 3.3% protein","Euro","0.369"
"AJM07","Manufacturing Milk Prices (including VAT)","201711","2017 November","1","Milk (per litre), actual fat and protein","Euro","0.441"
"AJM07","Manufacturing Milk Prices (including VAT)","201711","2017 November","2","Milk (per litre), 3.7% fat and 3.3% protein","Euro","0.373"
"AJM07","Manufacturing Milk Prices (including VAT)","201712","2017 December","1","Milk (per litre), actual fat and protein","Euro","0.426"
"AJM07","Manufacturing Milk Prices (including VAT)","201712","2017 December","2","Milk (per litre), 3.7% fat and 3.3% protein","Euro","0.375"
"AJM07","Manufacturing Milk Prices (including VAT)","201801","2018 January","1","Milk (per litre), actual fat and protein","Euro","0.399"
"AJM07","Manufacturing Milk Prices (including VAT)","201801","2018 January","2","Milk (per litre), 3.7% fat and 3.3% protein","Euro","0.373"
"AJM07","Manufacturing Milk Prices (including VAT)","201802","2018 February","1","Milk (per litre), actual fat and protein","Euro","0.382"
"AJM07","Manufacturing Milk Prices (including VAT)","201802","2018 February","2","Milk (per litre), 3.7% fat and 3.3% protein","Euro","0.362"
"AJM07","Manufacturing Milk Prices (including VAT)","201803","2018 March","1","Milk (per litre), actual fat and protein","Euro","0.343"
"AJM07","Manufacturing Milk Prices (including VAT)","201803","2018 March","2","Milk (per litre), 3.7% fat and 3.3% protein","Euro","0.332"
"AJM07","Manufacturing Milk Prices (including VAT)","201804","2018 April","1","Milk (per litre), actual fat and protein","Euro","0.321"
"AJM07","Manufacturing Milk Prices (including VAT)","201804","2018 April","2","Milk (per litre), 3.7% fat and 3.3% protein","Euro","0.315"
"AJM07","Manufacturing Milk Prices (including VAT)","201805","2018 May","1","Milk (per litre), actual fat and protein","Euro","0.321"
"AJM07","Manufacturing Milk Prices (including VAT)","201805","2018 May","2","Milk (per litre), 3.7% fat and 3.3% protein","Euro","0.315"
"AJM07","Manufacturing Milk Prices (including VAT)","201806","2018 June","1","Milk (per litre), actual fat and protein","Euro","0.326"
"AJM07","Manufacturing Milk Prices (including VAT)","201806","2018 June","2","Milk (per litre), 3.7% fat and 3.3% protein","Euro","0.321"
"AJM07","Manufacturing Milk Prices (including VAT)","201807","2018 July","1","Milk (per litre), actual fat and protein","Euro","0.328"
"AJM07","Manufacturing Milk Prices (including VAT)","201807","2018 July","2","Milk (per litre), 3.7% fat and 3.3% protein","Euro","0.319"
"AJM07","Manufacturing Milk Prices (including VAT)","201808","2018 August","1","Milk (per litre), actual fat and protein","Euro","0.353"
"AJM07","Manufacturing Milk Prices (including VAT)","201808","2018 August","2","Milk (per litre), 3.7% fat and 3.3% protein","Euro","0.324"
"AJM07","Manufacturing Milk Prices (including VAT)","201809","2018 September","1","Milk (per litre), actual fat and protein","Euro","0.382"
"AJM07","Manufacturing Milk Prices (including VAT)","201809","2018 September","2","Milk (per litre), 3.7% fat and 3.3% protein","Euro","0.347"
"AJM07","Manufacturing Milk Prices (including VAT)","201810","2018 October","1","Milk (per litre), actual fat and protein","Euro","0.401"
"AJM07","Manufacturing Milk Prices (including VAT)","201810","2018 October","2","Milk (per litre), 3.7% fat and 3.3% protein","Euro","0.33"
"AJM07","Manufacturing Milk Prices (including VAT)","201811","2018 November","1","Milk (per litre), actual fat and protein","Euro","0.404"
"AJM07","Manufacturing Milk Prices (including VAT)","201811","2018 November","2","Milk (per litre), 3.7% fat and 3.3% protein","Euro","0.33"
"AJM07","Manufacturing Milk Prices (including VAT)","201812","2018 December","1","Milk (per litre), actual fat and protein","Euro","0.385"
"AJM07","Manufacturing Milk Prices (including VAT)","201812","2018 December","2","Milk (per litre), 3.7% fat and 3.3% protein","Euro","0.338"
"AJM07","Manufacturing Milk Prices (including VAT)","201901","2019 January","1","Milk (per litre), actual fat and protein","Euro","0.349"
"AJM07","Manufacturing Milk Prices (including VAT)","201901","2019 January","2","Milk (per litre), 3.7% fat and 3.3% protein","Euro","0.325"
"AJM07","Manufacturing Milk Prices (including VAT)","201902","2019 February","1","Milk (per litre), actual fat and protein","Euro","0.352"
"AJM07","Manufacturing Milk Prices (including VAT)","201902","2019 February","2","Milk (per litre), 3.7% fat and 3.3% protein","Euro","0.325"
"AJM07","Manufacturing Milk Prices (including VAT)","201903","2019 March","1","Milk (per litre), actual fat and protein","Euro","0.337"
"AJM07","Manufacturing Milk Prices (including VAT)","201903","2019 March","2","Milk (per litre), 3.7% fat and 3.3% protein","Euro","0.321"
"AJM07","Manufacturing Milk Prices (including VAT)","201904","2019 April","1","Milk (per litre), actual fat and protein","Euro","0.327"
"AJM07","Manufacturing Milk Prices (including VAT)","201904","2019 April","2","Milk (per litre), 3.7% fat and 3.3% protein","Euro","0.314"
"AJM07","Manufacturing Milk Prices (including VAT)","201905","2019 May","1","Milk (per litre), actual fat and protein","Euro","0.325"
"AJM07","Manufacturing Milk Prices (including VAT)","201905","2019 May","2","Milk (per litre), 3.7% fat and 3.3% protein","Euro","0.315"
"AJM07","Manufacturing Milk Prices (including VAT)","201906","2019 June","1","Milk (per litre), actual fat and protein","Euro","0.33"
"AJM07","Manufacturing Milk Prices (including VAT)","201906","2019 June","2","Milk (per litre), 3.7% fat and 3.3% protein","Euro","0.315"
"AJM07","Manufacturing Milk Prices (including VAT)","201907","2019 July","1","Milk (per litre), actual fat and protein","Euro","0.321"
"AJM07","Manufacturing Milk Prices (including VAT)","201907","2019 July","2","Milk (per litre), 3.7% fat and 3.3% protein","Euro","0.306"
"AJM07","Manufacturing Milk Prices (including VAT)","201908","2019 August","1","Milk (per litre), actual fat and protein","Euro","0.331"
"AJM07","Manufacturing Milk Prices (including VAT)","201908","2019 August","2","Milk (per litre), 3.7% fat and 3.3% protein","Euro","0.301"
"AJM07","Manufacturing Milk Prices (including VAT)","201909","2019 September","1","Milk (per litre), actual fat and protein","Euro","0.356"
"AJM07","Manufacturing Milk Prices (including VAT)","201909","2019 September","2","Milk (per litre), 3.7% fat and 3.3% protein","Euro","0.304"
"AJM07","Manufacturing Milk Prices (including VAT)","201910","2019 October","1","Milk (per litre), actual fat and protein","Euro","0.378"
"AJM07","Manufacturing Milk Prices (including VAT)","201910","2019 October","2","Milk (per litre), 3.7% fat and 3.3% protein","Euro","0.306"
"AJM07","Manufacturing Milk Prices (including VAT)","201911","2019 November","1","Milk (per litre), actual fat and protein","Euro","0.386"
"AJM07","Manufacturing Milk Prices (including VAT)","201911","2019 November","2","Milk (per litre), 3.7% fat and 3.3% protein","Euro","0.31"
"AJM07","Manufacturing Milk Prices (including VAT)","201912","2019 December","1","Milk (per litre), actual fat and protein","Euro","0.376"
"AJM07","Manufacturing Milk Prices (including VAT)","201912","2019 December","2","Milk (per litre), 3.7% fat and 3.3% protein","Euro","0.323"
"AJM07","Manufacturing Milk Prices (including VAT)","202001","2020 January","1","Milk (per litre), actual fat and protein","Euro","0.357"
"AJM07","Manufacturing Milk Prices (including VAT)","202001","2020 January","2","Milk (per litre), 3.7% fat and 3.3% protein","Euro","0.326"
"AJM07","Manufacturing Milk Prices (including VAT)","202002","2020 February","1","Milk (per litre), actual fat and protein","Euro","0.359"
"AJM07","Manufacturing Milk Prices (including VAT)","202002","2020 February","2","Milk (per litre), 3.7% fat and 3.3% protein","Euro","0.33"
"AJM07","Manufacturing Milk Prices (including VAT)","202003","2020 March","1","Milk (per litre), actual fat and protein","Euro","0.326"
"AJM07","Manufacturing Milk Prices (including VAT)","202003","2020 March","2","Milk (per litre), 3.7% fat and 3.3% protein","Euro","0.309"
"AJM07","Manufacturing Milk Prices (including VAT)","202004","2020 April","1","Milk (per litre), actual fat and protein","Euro","0.313"
"AJM07","Manufacturing Milk Prices (including VAT)","202004","2020 April","2","Milk (per litre), 3.7% fat and 3.3% protein","Euro","0.298"
"AJM07","Manufacturing Milk Prices (including VAT)","202005","2020 May","1","Milk (per litre), actual fat and protein","Euro","0.315"
"AJM07","Manufacturing Milk Prices (including VAT)","202005","2020 May","2","Milk (per litre), 3.7% fat and 3.3% protein","Euro","0.301"
"AJM07","Manufacturing Milk Prices (including VAT)","202006","2020 June","1","Milk (per litre), actual fat and protein","Euro","0.327"
"AJM07","Manufacturing Milk Prices (including VAT)","202006","2020 June","2","Milk (per litre), 3.7% fat and 3.3% protein","Euro","0.31"
"AJM07","Manufacturing Milk Prices (including VAT)","202007","2020 July","1","Milk (per litre), actual fat and protein","Euro","0.338"
"AJM07","Manufacturing Milk Prices (including VAT)","202007","2020 July","2","Milk (per litre), 3.7% fat and 3.3% protein","Euro","0.315"
"AJM07","Manufacturing Milk Prices (including VAT)","202008","2020 August","1","Milk (per litre), actual fat and protein","Euro","0.349"
"AJM07","Manufacturing Milk Prices (including VAT)","202008","2020 August","2","Milk (per litre), 3.7% fat and 3.3% protein","Euro","0.317"
"AJM07","Manufacturing Milk Prices (including VAT)","202009","2020 September","1","Milk (per litre), actual fat and protein","Euro","0.377"
"AJM07","Manufacturing Milk Prices (including VAT)","202009","2020 September","2","Milk (per litre), 3.7% fat and 3.3% protein","Euro","0.322"
"AJM07","Manufacturing Milk Prices (including VAT)","202010","2020 October","1","Milk (per litre), actual fat and protein","Euro","0.403"
"AJM07","Manufacturing Milk Prices (including VAT)","202010","2020 October","2","Milk (per litre), 3.7% fat and 3.3% protein","Euro","0.325"
"AJM07","Manufacturing Milk Prices (including VAT)","202011","2020 November","1","Milk (per litre), actual fat and protein","Euro","0.402"
"AJM07","Manufacturing Milk Prices (including VAT)","202011","2020 November","2","Milk (per litre), 3.7% fat and 3.3% protein","Euro","0.327"
"AJM07","Manufacturing Milk Prices (including VAT)","202012","2020 December","1","Milk (per litre), actual fat and protein","Euro","0.386"
"AJM07","Manufacturing Milk Prices (including VAT)","202012","2020 December","2","Milk (per litre), 3.7% fat and 3.3% protein","Euro","0.327"
"AJM07","Manufacturing Milk Prices (including VAT)","202101","2021 January","1","Milk (per litre), actual fat and protein","Euro","0.368"
"AJM07","Manufacturing Milk Prices (including VAT)","202101","2021 January","2","Milk (per litre), 3.7% fat and 3.3% protein","Euro","0.327"
"AJM07","Manufacturing Milk Prices (including VAT)","202102","2021 February","1","Milk (per litre), actual fat and protein","Euro","0.384"
"AJM07","Manufacturing Milk Prices (including VAT)","202102","2021 February","2","Milk (per litre), 3.7% fat and 3.3% protein","Euro","0.348"
"AJM07","Manufacturing Milk Prices (including VAT)","202103","2021 March","1","Milk (per litre), actual fat and protein","Euro","0.383"
"AJM07","Manufacturing Milk Prices (including VAT)","202103","2021 March","2","Milk (per litre), 3.7% fat and 3.3% protein","Euro","0.358"
"AJM07","Manufacturing Milk Prices (including VAT)","202104","2021 April","1","Milk (per litre), actual fat and protein","Euro","0.377"
"AJM07","Manufacturing Milk Prices (including VAT)","202104","2021 April","2","Milk (per litre), 3.7% fat and 3.3% protein","Euro","0.358"
"AJM07","Manufacturing Milk Prices (including VAT)","202105","2021 May","1","Milk (per litre), actual fat and protein","Euro","0.386"
"AJM07","Manufacturing Milk Prices (including VAT)","202105","2021 May","2","Milk (per litre), 3.7% fat and 3.3% protein","Euro","0.365"
"AJM07","Manufacturing Milk Prices (including VAT)","202106","2021 June","1","Milk (per litre), actual fat and protein","Euro","0.385"
"AJM07","Manufacturing Milk Prices (including VAT)","202106","2021 June","2","Milk (per litre), 3.7% fat and 3.3% protein","Euro","0.364"
"AJM07","Manufacturing Milk Prices (including VAT)","202107","2021 July","1","Milk (per litre), actual fat and protein","Euro","0.383"
"AJM07","Manufacturing Milk Prices (including VAT)","202107","2021 July","2","Milk (per litre), 3.7% fat and 3.3% protein","Euro","0.363"
"AJM07","Manufacturing Milk Prices (including VAT)","202108","2021 August","1","Milk (per litre), actual fat and protein","Euro","0.404"
"AJM07","Manufacturing Milk Prices (including VAT)","202108","2021 August","2","Milk (per litre), 3.7% fat and 3.3% protein","Euro","0.366"
"AJM07","Manufacturing Milk Prices (including VAT)","202109","2021 September","1","Milk (per litre), actual fat and protein","Euro","0.437"
"AJM07","Manufacturing Milk Prices (including VAT)","202109","2021 September","2","Milk (per litre), 3.7% fat and 3.3% protein","Euro","0.375"
"AJM07","Manufacturing Milk Prices (including VAT)","202110","2021 October","1","Milk (per litre), actual fat and protein","Euro","0.479"
"AJM07","Manufacturing Milk Prices (including VAT)","202110","2021 October","2","Milk (per litre), 3.7% fat and 3.3% protein","Euro","0.384"
"AJM07","Manufacturing Milk Prices (including VAT)","202111","2021 November","1","Milk (per litre), actual fat and protein","Euro","0.501"
"AJM07","Manufacturing Milk Prices (including VAT)","202111","2021 November","2","Milk (per litre), 3.7% fat and 3.3% protein","Euro","0.386"
"AJM07","Manufacturing Milk Prices (including VAT)","202112","2021 December","1","Milk (per litre), actual fat and protein","Euro","0.499"
"AJM07","Manufacturing Milk Prices (including VAT)","202112","2021 December","2","Milk (per litre), 3.7% fat and 3.3% protein","Euro","0.417"
"AJM07","Manufacturing Milk Prices (including VAT)","202201","2022 January","1","Milk (per litre), actual fat and protein","Euro","0.475"
"AJM07","Manufacturing Milk Prices (including VAT)","202201","2022 January","2","Milk (per litre), 3.7% fat and 3.3% protein","Euro","0.428"
"AJM07","Manufacturing Milk Prices (including VAT)","202202","2022 February","1","Milk (per litre), actual fat and protein","Euro","0.49"
"AJM07","Manufacturing Milk Prices (including VAT)","202202","2022 February","2","Milk (per litre), 3.7% fat and 3.3% protein","Euro","0.448"
"AJM07","Manufacturing Milk Prices (including VAT)","202203","2022 March","1","Milk (per litre), actual fat and protein","Euro","0.505"
"AJM07","Manufacturing Milk Prices (including VAT)","202203","2022 March","2","Milk (per litre), 3.7% fat and 3.3% protein","Euro","0.465"
"AJM07","Manufacturing Milk Prices (including VAT)","202204","2022 April","1","Milk (per litre), actual fat and protein","Euro","0.528"
"AJM07","Manufacturing Milk Prices (including VAT)","202204","2022 April","2","Milk (per litre), 3.7% fat and 3.3% protein","Euro","0.498"
"AJM07","Manufacturing Milk Prices (including VAT)","202205","2022 May","1","Milk (per litre), actual fat and protein","Euro","0.553"
"AJM07","Manufacturing Milk Prices (including VAT)","202205","2022 May","2","Milk (per litre), 3.7% fat and 3.3% protein","Euro","0.524"
"AJM07","Manufacturing Milk Prices (including VAT)","202206","2022 June","1","Milk (per litre), actual fat and protein","Euro","0.572"
"AJM07","Manufacturing Milk Prices (including VAT)","202206","2022 June","2","Milk (per litre), 3.7% fat and 3.3% protein","Euro","0.53"
"AJM07","Manufacturing Milk Prices (including VAT)","202207","2022 July","1","Milk (per litre), actual fat and protein","Euro","0.595"
"AJM07","Manufacturing Milk Prices (including VAT)","202207","2022 July","2","Milk (per litre), 3.7% fat and 3.3% protein","Euro","0.549"
"AJM07","Manufacturing Milk Prices (including VAT)","202208","2022 August","1","Milk (per litre), actual fat and protein","Euro","0.616"
"AJM07","Manufacturing Milk Prices (including VAT)","202208","2022 August","2","Milk (per litre), 3.7% fat and 3.3% protein","Euro","0.557"
"AJM07","Manufacturing Milk Prices (including VAT)","202209","2022 September","1","Milk (per litre), actual fat and protein","Euro","0.662"
"AJM07","Manufacturing Milk Prices (including VAT)","202209","2022 September","2","Milk (per litre), 3.7% fat and 3.3% protein","Euro","0.559"
