DATAFLOW,LAST UPDATE,freq,dairyprod,unit,geo,TIME_PERIOD,OBS_VALUE,OBS_FLAG
ESTAT:APRO_MK_COLA$DEFAULTVIEW(1.0),30/11/22 23:00:00,A,D1110D,THS_T,AL,2017,57.36,p
ESTAT:APRO_MK_COLA$DEFAULTVIEW(1.0),30/11/22 23:00:00,A,D1110D,THS_T,AL,2018,64.39,
ESTAT:APRO_MK_COLA$DEFAULTVIEW(1.0),30/11/22 23:00:00,A,D1110D,THS_T,AL,2019,56.82,
ESTAT:APRO_MK_COLA$DEFAULTVIEW(1.0),30/11/22 23:00:00,A,D1110D,THS_T,AL,2020,56.27,
ESTAT:APRO_MK_COLA$DEFAULTVIEW(1.0),30/11/22 23:00:00,A,D1110D,THS_T,AL,2021,58.94,
ESTAT:APRO_MK_COLA$DEFAULTVIEW(1.0),30/11/22 23:00:00,A,D1110D,THS_T,AT,2012,2964.13,
ESTAT:APRO_MK_COLA$DEFAULTVIEW(1.0),30/11/22 23:00:00,A,D1110D,THS_T,AT,2013,2933.25,
ESTAT:APRO_MK_COLA$DEFAULTVIEW(1.0),30/11/22 23:00:00,A,D1110D,THS_T,AT,2014,3067.38,
ESTAT:APRO_MK_COLA$DEFAULTVIEW(1.0),30/11/22 23:00:00,A,D1110D,THS_T,AT,2015,3102.56,
ESTAT:APRO_MK_COLA$DEFAULTVIEW(1.0),30/11/22 23:00:00,A,D1110D,THS_T,AT,2016,3091.48,
ESTAT:APRO_MK_COLA$DEFAULTVIEW(1.0),30/11/22 23:00:00,A,D1110D,THS_T,AT,2017,3199.62,
ESTAT:APRO_MK_COLA$DEFAULTVIEW(1.0),30/11/22 23:00:00,A,D1110D,THS_T,AT,2018,3182.84,
ESTAT:APRO_MK_COLA$DEFAULTVIEW(1.0),30/11/22 23:00:00,A,D1110D,THS_T,AT,2019,3139.80,
ESTAT:APRO_MK_COLA$DEFAULTVIEW(1.0),30/11/22 23:00:00,A,D1110D,THS_T,AT,2020,3137.16,
ESTAT:APRO_MK_COLA$DEFAULTVIEW(1.0),30/11/22 23:00:00,A,D1110D,THS_T,AT,2021,3153.83,
ESTAT:APRO_MK_COLA$DEFAULTVIEW(1.0),30/11/22 23:00:00,A,D1110D,THS_T,BA,2012,216.35,
ESTAT:APRO_MK_COLA$DEFAULTVIEW(1.0),30/11/22 23:00:00,A,D1110D,THS_T,BA,2013,215.38,
ESTAT:APRO_MK_COLA$DEFAULTVIEW(1.0),30/11/22 23:00:00,A,D1110D,THS_T,BA,2014,231.79,
ESTAT:APRO_MK_COLA$DEFAULTVIEW(1.0),30/11/22 23:00:00,A,D1110D,THS_T,BA,2015,240.11,
ESTAT:APRO_MK_COLA$DEFAULTVIEW(1.0),30/11/22 23:00:00,A,D1110D,THS_T,BA,2016,242.78,
ESTAT:APRO_MK_COLA$DEFAULTVIEW(1.0),30/11/22 23:00:00,A,D1110D,THS_T,BA,2017,256.19,
ESTAT:APRO_MK_COLA$DEFAULTVIEW(1.0),30/11/22 23:00:00,A,D1110D,THS_T,BA,2018,262.50,
ESTAT:APRO_MK_COLA$DEFAULTVIEW(1.0),30/11/22 23:00:00,A,D1110D,THS_T,BA,2019,260.76,
ESTAT:APRO_MK_COLA$DEFAULTVIEW(1.0),30/11/22 23:00:00,A,D1110D,THS_T,BA,2020,271.57,
ESTAT:APRO_MK_COLA$DEFAULTVIEW(1.0),30/11/22 23:00:00,A,D1110D,THS_T,BE,2012,3412.02,
ESTAT:APRO_MK_COLA$DEFAULTVIEW(1.0),30/11/22 23:00:00,A,D1110D,THS_T,BE,2013,3474.76,
ESTAT:APRO_MK_COLA$DEFAULTVIEW(1.0),30/11/22 23:00:00,A,D1110D,THS_T,BE,2014,3689.44,
ESTAT:APRO_MK_COLA$DEFAULTVIEW(1.0),30/11/22 23:00:00,A,D1110D,THS_T,BE,2015,3988.11,
ESTAT:APRO_MK_COLA$DEFAULTVIEW(1.0),30/11/22 23:00:00,A,D1110D,THS_T,BE,2016,3881.51,
ESTAT:APRO_MK_COLA$DEFAULTVIEW(1.0),30/11/22 23:00:00,A,D1110D,THS_T,BE,2017,4025.41,
ESTAT:APRO_MK_COLA$DEFAULTVIEW(1.0),30/11/22 23:00:00,A,D1110D,THS_T,BE,2018,4178.89,
ESTAT:APRO_MK_COLA$DEFAULTVIEW(1.0),30/11/22 23:00:00,A,D1110D,THS_T,BE,2019,4288.22,
ESTAT:APRO_MK_COLA$DEFAULTVIEW(1.0),30/11/22 23:00:00,A,D1110D,THS_T,BE,2020,4431.00,
ESTAT:APRO_MK_COLA$DEFAULTVIEW(1.0),30/11/22 23:00:00,A,D1110D,THS_T,BE,2021,4380.84,
ESTAT:APRO_MK_COLA$DEFAULTVIEW(1.0),30/11/22 23:00:00,A,D1110D,THS_T,BG,2012,497.48,
ESTAT:APRO_MK_COLA$DEFAULTVIEW(1.0),30/11/22 23:00:00,A,D1110D,THS_T,BG,2013,494.63,
ESTAT:APRO_MK_COLA$DEFAULTVIEW(1.0),30/11/22 23:00:00,A,D1110D,THS_T,BG,2014,509.67,
ESTAT:APRO_MK_COLA$DEFAULTVIEW(1.0),30/11/22 23:00:00,A,D1110D,THS_T,BG,2015,505.40,
ESTAT:APRO_MK_COLA$DEFAULTVIEW(1.0),30/11/22 23:00:00,A,D1110D,THS_T,BG,2016,530.09,
ESTAT:APRO_MK_COLA$DEFAULTVIEW(1.0),30/11/22 23:00:00,A,D1110D,THS_T,BG,2017,592.49,
ESTAT:APRO_MK_COLA$DEFAULTVIEW(1.0),30/11/22 23:00:00,A,D1110D,THS_T,BG,2018,648.80,
ESTAT:APRO_MK_COLA$DEFAULTVIEW(1.0),30/11/22 23:00:00,A,D1110D,THS_T,BG,2019,658.77,
ESTAT:APRO_MK_COLA$DEFAULTVIEW(1.0),30/11/22 23:00:00,A,D1110D,THS_T,BG,2020,694.18,
ESTAT:APRO_MK_COLA$DEFAULTVIEW(1.0),30/11/22 23:00:00,A,D1110D,THS_T,BG,2021,679.06,
ESTAT:APRO_MK_COLA$DEFAULTVIEW(1.0),30/11/22 23:00:00,A,D1110D,THS_T,CH,2012,3444.19,
ESTAT:APRO_MK_COLA$DEFAULTVIEW(1.0),30/11/22 23:00:00,A,D1110D,THS_T,CH,2013,3383.17,
ESTAT:APRO_MK_COLA$DEFAULTVIEW(1.0),30/11/22 23:00:00,A,D1110D,THS_T,CH,2014,3511.66,
ESTAT:APRO_MK_COLA$DEFAULTVIEW(1.0),30/11/22 23:00:00,A,D1110D,THS_T,CH,2015,3457.44,
ESTAT:APRO_MK_COLA$DEFAULTVIEW(1.0),30/11/22 23:00:00,A,D1110D,THS_T,CH,2016,3406.80,
ESTAT:APRO_MK_COLA$DEFAULTVIEW(1.0),30/11/22 23:00:00,A,D1110D,THS_T,CH,2017,3409.54,
ESTAT:APRO_MK_COLA$DEFAULTVIEW(1.0),30/11/22 23:00:00,A,D1110D,THS_T,CH,2018,3426.97,
ESTAT:APRO_MK_COLA$DEFAULTVIEW(1.0),30/11/22 23:00:00,A,D1110D,THS_T,CH,2019,3372.09,
ESTAT:APRO_MK_COLA$DEFAULTVIEW(1.0),30/11/22 23:00:00,A,D1110D,THS_T,CH,2020,3378.90,
ESTAT:APRO_MK_COLA$DEFAULTVIEW(1.0),30/11/22 23:00:00,A,D1110D,THS_T,CY,2012,153.44,
ESTAT:APRO_MK_COLA$DEFAULTVIEW(1.0),30/11/22 23:00:00,A,D1110D,THS_T,CY,2013,156.67,
ESTAT:APRO_MK_COLA$DEFAULTVIEW(1.0),30/11/22 23:00:00,A,D1110D,THS_T,CY,2014,163.64,
ESTAT:APRO_MK_COLA$DEFAULTVIEW(1.0),30/11/22 23:00:00,A,D1110D,THS_T,CY,2015,162.31,
ESTAT:APRO_MK_COLA$DEFAULTVIEW(1.0),30/11/22 23:00:00,A,D1110D,THS_T,CY,2016,200.41,
ESTAT:APRO_MK_COLA$DEFAULTVIEW(1.0),30/11/22 23:00:00,A,D1110D,THS_T,CY,2017,216.26,
ESTAT:APRO_MK_COLA$DEFAULTVIEW(1.0),30/11/22 23:00:00,A,D1110D,THS_T,CY,2018,228.08,
ESTAT:APRO_MK_COLA$DEFAULTVIEW(1.0),30/11/22 23:00:00,A,D1110D,THS_T,CY,2019,238.18,
ESTAT:APRO_MK_COLA$DEFAULTVIEW(1.0),30/11/22 23:00:00,A,D1110D,THS_T,CY,2020,271.37,
ESTAT:APRO_MK_COLA$DEFAULTVIEW(1.0),30/11/22 23:00:00,A,D1110D,THS_T,CY,2021,298.11,
ESTAT:APRO_MK_COLA$DEFAULTVIEW(1.0),30/11/22 23:00:00,A,D1110D,THS_T,CZ,2012,2446.13,
ESTAT:APRO_MK_COLA$DEFAULTVIEW(1.0),30/11/22 23:00:00,A,D1110D,THS_T,CZ,2013,2382.13,
ESTAT:APRO_MK_COLA$DEFAULTVIEW(1.0),30/11/22 23:00:00,A,D1110D,THS_T,CZ,2014,2414.15,
ESTAT:APRO_MK_COLA$DEFAULTVIEW(1.0),30/11/22 23:00:00,A,D1110D,THS_T,CZ,2015,2500.39,
ESTAT:APRO_MK_COLA$DEFAULTVIEW(1.0),30/11/22 23:00:00,A,D1110D,THS_T,CZ,2016,2793.20,b
ESTAT:APRO_MK_COLA$DEFAULTVIEW(1.0),30/11/22 23:00:00,A,D1110D,THS_T,CZ,2017,2979.34,
ESTAT:APRO_MK_COLA$DEFAULTVIEW(1.0),30/11/22 23:00:00,A,D1110D,THS_T,CZ,2018,3033.02,
ESTAT:APRO_MK_COLA$DEFAULTVIEW(1.0),30/11/22 23:00:00,A,D1110D,THS_T,CZ,2019,3073.49,
ESTAT:APRO_MK_COLA$DEFAULTVIEW(1.0),30/11/22 23:00:00,A,D1110D,THS_T,CZ,2020,3192.02,
ESTAT:APRO_MK_COLA$DEFAULTVIEW(1.0),30/11/22 23:00:00,A,D1110D,THS_T,CZ,2021,3128.74,
ESTAT:APRO_MK_COLA$DEFAULTVIEW(1.0),30/11/22 23:00:00,A,D1110D,THS_T,DE,2012,29701.78,
ESTAT:APRO_MK_COLA$DEFAULTVIEW(1.0),30/11/22 23:00:00,A,D1110D,THS_T,DE,2013,30301.42,
ESTAT:APRO_MK_COLA$DEFAULTVIEW(1.0),30/11/22 23:00:00,A,D1110D,THS_T,DE,2014,31375.28,
ESTAT:APRO_MK_COLA$DEFAULTVIEW(1.0),30/11/22 23:00:00,A,D1110D,THS_T,DE,2015,31879.11,
ESTAT:APRO_MK_COLA$DEFAULTVIEW(1.0),30/11/22 23:00:00,A,D1110D,THS_T,DE,2016,31972.73,
ESTAT:APRO_MK_COLA$DEFAULTVIEW(1.0),30/11/22 23:00:00,A,D1110D,THS_T,DE,2017,31937.03,
ESTAT:APRO_MK_COLA$DEFAULTVIEW(1.0),30/11/22 23:00:00,A,D1110D,THS_T,DE,2018,32490.94,
ESTAT:APRO_MK_COLA$DEFAULTVIEW(1.0),30/11/22 23:00:00,A,D1110D,THS_T,DE,2019,32442.21,
ESTAT:APRO_MK_COLA$DEFAULTVIEW(1.0),30/11/22 23:00:00,A,D1110D,THS_T,DE,2020,32548.98,
ESTAT:APRO_MK_COLA$DEFAULTVIEW(1.0),30/11/22 23:00:00,A,D1110D,THS_T,DE,2021,31942.32,
ESTAT:APRO_MK_COLA$DEFAULTVIEW(1.0),30/11/22 23:00:00,A,D1110D,THS_T,DK,2012,4915.70,
ESTAT:APRO_MK_COLA$DEFAULTVIEW(1.0),30/11/22 23:00:00,A,D1110D,THS_T,DK,2013,5025.40,
ESTAT:APRO_MK_COLA$DEFAULTVIEW(1.0),30/11/22 23:00:00,A,D1110D,THS_T,DK,2014,5112.60,
ESTAT:APRO_MK_COLA$DEFAULTVIEW(1.0),30/11/22 23:00:00,A,D1110D,THS_T,DK,2015,5277.60,
ESTAT:APRO_MK_COLA$DEFAULTVIEW(1.0),30/11/22 23:00:00,A,D1110D,THS_T,DK,2016,5376.29,
ESTAT:APRO_MK_COLA$DEFAULTVIEW(1.0),30/11/22 23:00:00,A,D1110D,THS_T,DK,2017,5494.18,
ESTAT:APRO_MK_COLA$DEFAULTVIEW(1.0),30/11/22 23:00:00,A,D1110D,THS_T,DK,2018,5615.21,
ESTAT:APRO_MK_COLA$DEFAULTVIEW(1.0),30/11/22 23:00:00,A,D1110D,THS_T,DK,2019,5614.69,
ESTAT:APRO_MK_COLA$DEFAULTVIEW(1.0),30/11/22 23:00:00,A,D1110D,THS_T,DK,2020,5666.50,
ESTAT:APRO_MK_COLA$DEFAULTVIEW(1.0),30/11/22 23:00:00,A,D1110D,THS_T,DK,2021,5643.85,
ESTAT:APRO_MK_COLA$DEFAULTVIEW(1.0),30/11/22 23:00:00,A,D1110D,THS_T,EE,2012,649.10,
ESTAT:APRO_MK_COLA$DEFAULTVIEW(1.0),30/11/22 23:00:00,A,D1110D,THS_T,EE,2013,688.80,
ESTAT:APRO_MK_COLA$DEFAULTVIEW(1.0),30/11/22 23:00:00,A,D1110D,THS_T,EE,2014,730.00,
ESTAT:APRO_MK_COLA$DEFAULTVIEW(1.0),30/11/22 23:00:00,A,D1110D,THS_T,EE,2015,720.40,
ESTAT:APRO_MK_COLA$DEFAULTVIEW(1.0),30/11/22 23:00:00,A,D1110D,THS_T,EE,2016,714.70,
ESTAT:APRO_MK_COLA$DEFAULTVIEW(1.0),30/11/22 23:00:00,A,D1110D,THS_T,EE,2017,726.80,
ESTAT:APRO_MK_COLA$DEFAULTVIEW(1.0),30/11/22 23:00:00,A,D1110D,THS_T,EE,2018,748.10,
ESTAT:APRO_MK_COLA$DEFAULTVIEW(1.0),30/11/22 23:00:00,A,D1110D,THS_T,EE,2019,763.00,
ESTAT:APRO_MK_COLA$DEFAULTVIEW(1.0),30/11/22 23:00:00,A,D1110D,THS_T,EE,2020,787.80,
ESTAT:APRO_MK_COLA$DEFAULTVIEW(1.0),30/11/22 23:00:00,A,D1110D,THS_T,EE,2021,799.20,
ESTAT:APRO_MK_COLA$DEFAULTVIEW(1.0),30/11/22 23:00:00,A,D1110D,THS_T,EFTA,2013,5084.17,
ESTAT:APRO_MK_COLA$DEFAULTVIEW(1.0),30/11/22 23:00:00,A,D1110D,THS_T,EFTA,2014,5207.66,
ESTAT:APRO_MK_COLA$DEFAULTVIEW(1.0),30/11/22 23:00:00,A,D1110D,THS_T,EFTA,2015,5177.43,
ESTAT:APRO_MK_COLA$DEFAULTVIEW(1.0),30/11/22 23:00:00,A,D1110D,THS_T,EFTA,2017,5107.99,
ESTAT:APRO_MK_COLA$DEFAULTVIEW(1.0),30/11/22 23:00:00,A,D1110D,THS_T,EFTA,2018,5149.15,
ESTAT:APRO_MK_COLA$DEFAULTVIEW(1.0),30/11/22 23:00:00,A,D1110D,THS_T,EFTA,2019,5054.85,
ESTAT:APRO_MK_COLA$DEFAULTVIEW(1.0),30/11/22 23:00:00,A,D1110D,THS_T,EFTA,2020,5079.46,
ESTAT:APRO_MK_COLA$DEFAULTVIEW(1.0),30/11/22 23:00:00,A,D1110D,THS_T,EL,2012,663.73,
ESTAT:APRO_MK_COLA$DEFAULTVIEW(1.0),30/11/22 23:00:00,A,D1110D,THS_T,EL,2013,652.00,
ESTAT:APRO_MK_COLA$DEFAULTVIEW(1.0),30/11/22 23:00:00,A,D1110D,THS_T,EL,2014,619.00,
ESTAT:APRO_MK_COLA$DEFAULTVIEW(1.0),30/11/22 23:00:00,A,D1110D,THS_T,EL,2015,612.40,
ESTAT:APRO_MK_COLA$DEFAULTVIEW(1.0),30/11/22 23:00:00,A,D1110D,THS_T,EL,2016,619.00,
ESTAT:APRO_MK_COLA$DEFAULTVIEW(1.0),30/11/22 23:00:00,A,D1110D,THS_T,EL,2017,614.30,
ESTAT:APRO_MK_COLA$DEFAULTVIEW(1.0),30/11/22 23:00:00,A,D1110D,THS_T,EL,2018,620.20,
ESTAT:APRO_MK_COLA$DEFAULTVIEW(1.0),30/11/22 23:00:00,A,D1110D,THS_T,EL,2019,631.10,
ESTAT:APRO_MK_COLA$DEFAULTVIEW(1.0),30/11/22 23:00:00,A,D1110D,THS_T,EL,2020,652.18,
ESTAT:APRO_MK_COLA$DEFAULTVIEW(1.0),30/11/22 23:00:00,A,D1110D,THS_T,EL,2021,659.92,
ESTAT:APRO_MK_COLA$DEFAULTVIEW(1.0),30/11/22 23:00:00,A,D1110D,THS_T,ES,2012,5996.82,p
ESTAT:APRO_MK_COLA$DEFAULTVIEW(1.0),30/11/22 23:00:00,A,D1110D,THS_T,ES,2013,6299.55,p
ESTAT:APRO_MK_COLA$DEFAULTVIEW(1.0),30/11/22 23:00:00,A,D1110D,THS_T,ES,2014,6601.10,p
ESTAT:APRO_MK_COLA$DEFAULTVIEW(1.0),30/11/22 23:00:00,A,D1110D,THS_T,ES,2015,6871.80,
ESTAT:APRO_MK_COLA$DEFAULTVIEW(1.0),30/11/22 23:00:00,A,D1110D,THS_T,ES,2016,6863.71,p
ESTAT:APRO_MK_COLA$DEFAULTVIEW(1.0),30/11/22 23:00:00,A,D1110D,THS_T,ES,2017,7013.90,p
ESTAT:APRO_MK_COLA$DEFAULTVIEW(1.0),30/11/22 23:00:00,A,D1110D,THS_T,ES,2018,7120.80,p
ESTAT:APRO_MK_COLA$DEFAULTVIEW(1.0),30/11/22 23:00:00,A,D1110D,THS_T,ES,2019,7265.21,p
ESTAT:APRO_MK_COLA$DEFAULTVIEW(1.0),30/11/22 23:00:00,A,D1110D,THS_T,ES,2020,7427.61,p
ESTAT:APRO_MK_COLA$DEFAULTVIEW(1.0),30/11/22 23:00:00,A,D1110D,THS_T,ES,2021,7471.71,p
ESTAT:APRO_MK_COLA$DEFAULTVIEW(1.0),30/11/22 23:00:00,A,D1110D,THS_T,EU15,2012,,c
ESTAT:APRO_MK_COLA$DEFAULTVIEW(1.0),30/11/22 23:00:00,A,D1110D,THS_T,EU15,2013,,c
ESTAT:APRO_MK_COLA$DEFAULTVIEW(1.0),30/11/22 23:00:00,A,D1110D,THS_T,EU15,2014,127372.84,
ESTAT:APRO_MK_COLA$DEFAULTVIEW(1.0),30/11/22 23:00:00,A,D1110D,THS_T,EU15,2015,130442.79,
ESTAT:APRO_MK_COLA$DEFAULTVIEW(1.0),30/11/22 23:00:00,A,D1110D,THS_T,EU15,2016,130205.30,
ESTAT:APRO_MK_COLA$DEFAULTVIEW(1.0),30/11/22 23:00:00,A,D1110D,THS_T,EU15,2017,133139.90,p
ESTAT:APRO_MK_COLA$DEFAULTVIEW(1.0),30/11/22 23:00:00,A,D1110D,THS_T,EU15,2018,134104.23,p
ESTAT:APRO_MK_COLA$DEFAULTVIEW(1.0),30/11/22 23:00:00,A,D1110D,THS_T,EU15,2019,,c
ESTAT:APRO_MK_COLA$DEFAULTVIEW(1.0),30/11/22 23:00:00,A,D1110D,THS_T,EU25,2012,,c
ESTAT:APRO_MK_COLA$DEFAULTVIEW(1.0),30/11/22 23:00:00,A,D1110D,THS_T,EU25,2013,,c
ESTAT:APRO_MK_COLA$DEFAULTVIEW(1.0),30/11/22 23:00:00,A,D1110D,THS_T,EU25,2014,146390.40,
ESTAT:APRO_MK_COLA$DEFAULTVIEW(1.0),30/11/22 23:00:00,A,D1110D,THS_T,EU25,2015,149936.72,
ESTAT:APRO_MK_COLA$DEFAULTVIEW(1.0),30/11/22 23:00:00,A,D1110D,THS_T,EU25,2016,150261.62,
ESTAT:APRO_MK_COLA$DEFAULTVIEW(1.0),30/11/22 23:00:00,A,D1110D,THS_T,EU25,2017,153917.14,p
ESTAT:APRO_MK_COLA$DEFAULTVIEW(1.0),30/11/22 23:00:00,A,D1110D,THS_T,EU25,2018,155170.84,
ESTAT:APRO_MK_COLA$DEFAULTVIEW(1.0),30/11/22 23:00:00,A,D1110D,THS_T,EU25,2019,,c
ESTAT:APRO_MK_COLA$DEFAULTVIEW(1.0),30/11/22 23:00:00,A,D1110D,THS_T,EU27_2007,2012,,c
ESTAT:APRO_MK_COLA$DEFAULTVIEW(1.0),30/11/22 23:00:00,A,D1110D,THS_T,EU27_2007,2013,,c
ESTAT:APRO_MK_COLA$DEFAULTVIEW(1.0),30/11/22 23:00:00,A,D1110D,THS_T,EU27_2007,2014,147895.45,
ESTAT:APRO_MK_COLA$DEFAULTVIEW(1.0),30/11/22 23:00:00,A,D1110D,THS_T,EU27_2007,2015,151358.07,
ESTAT:APRO_MK_COLA$DEFAULTVIEW(1.0),30/11/22 23:00:00,A,D1110D,THS_T,EU27_2007,2016,151745.11,
ESTAT:APRO_MK_COLA$DEFAULTVIEW(1.0),30/11/22 23:00:00,A,D1110D,THS_T,EU27_2007,2017,155537.96,p
ESTAT:APRO_MK_COLA$DEFAULTVIEW(1.0),30/11/22 23:00:00,A,D1110D,THS_T,EU27_2007,2018,156928.95,
ESTAT:APRO_MK_COLA$DEFAULTVIEW(1.0),30/11/22 23:00:00,A,D1110D,THS_T,EU27_2007,2019,,c
ESTAT:APRO_MK_COLA$DEFAULTVIEW(1.0),30/11/22 23:00:00,A,D1110D,THS_T,EU27_2020,2012,,c
ESTAT:APRO_MK_COLA$DEFAULTVIEW(1.0),30/11/22 23:00:00,A,D1110D,THS_T,EU27_2020,2013,,c
ESTAT:APRO_MK_COLA$DEFAULTVIEW(1.0),30/11/22 23:00:00,A,D1110D,THS_T,EU27_2020,2014,133589.34,
ESTAT:APRO_MK_COLA$DEFAULTVIEW(1.0),30/11/22 23:00:00,A,D1110D,THS_T,EU27_2020,2015,136680.20,
ESTAT:APRO_MK_COLA$DEFAULTVIEW(1.0),30/11/22 23:00:00,A,D1110D,THS_T,EU27_2020,2016,137692.77,
ESTAT:APRO_MK_COLA$DEFAULTVIEW(1.0),30/11/22 23:00:00,A,D1110D,THS_T,EU27_2020,2017,140870.05,p
ESTAT:APRO_MK_COLA$DEFAULTVIEW(1.0),30/11/22 23:00:00,A,D1110D,THS_T,EU27_2020,2018,142194.31,
ESTAT:APRO_MK_COLA$DEFAULTVIEW(1.0),30/11/22 23:00:00,A,D1110D,THS_T,EU27_2020,2019,,c
ESTAT:APRO_MK_COLA$DEFAULTVIEW(1.0),30/11/22 23:00:00,A,D1110D,THS_T,EU27_2020,2021,,c
ESTAT:APRO_MK_COLA$DEFAULTVIEW(1.0),30/11/22 23:00:00,A,D1110D,THS_T,EU28,2012,,c
ESTAT:APRO_MK_COLA$DEFAULTVIEW(1.0),30/11/22 23:00:00,A,D1110D,THS_T,EU28,2013,,c
ESTAT:APRO_MK_COLA$DEFAULTVIEW(1.0),30/11/22 23:00:00,A,D1110D,THS_T,EU28,2014,148418.14,
ESTAT:APRO_MK_COLA$DEFAULTVIEW(1.0),30/11/22 23:00:00,A,D1110D,THS_T,EU28,2015,151871.50,
ESTAT:APRO_MK_COLA$DEFAULTVIEW(1.0),30/11/22 23:00:00,A,D1110D,THS_T,EU28,2016,152234.77,
ESTAT:APRO_MK_COLA$DEFAULTVIEW(1.0),30/11/22 23:00:00,A,D1110D,THS_T,EU28,2017,156014.75,p
ESTAT:APRO_MK_COLA$DEFAULTVIEW(1.0),30/11/22 23:00:00,A,D1110D,THS_T,EU28,2018,157382.42,
ESTAT:APRO_MK_COLA$DEFAULTVIEW(1.0),30/11/22 23:00:00,A,D1110D,THS_T,EU28,2019,,c
ESTAT:APRO_MK_COLA$DEFAULTVIEW(1.0),30/11/22 23:00:00,A,D1110D,THS_T,FI,2012,2254.04,
ESTAT:APRO_MK_COLA$DEFAULTVIEW(1.0),30/11/22 23:00:00,A,D1110D,THS_T,FI,2013,2286.81,
ESTAT:APRO_MK_COLA$DEFAULTVIEW(1.0),30/11/22 23:00:00,A,D1110D,THS_T,FI,2014,2357.15,
ESTAT:APRO_MK_COLA$DEFAULTVIEW(1.0),30/11/22 23:00:00,A,D1110D,THS_T,FI,2015,2394.32,
ESTAT:APRO_MK_COLA$DEFAULTVIEW(1.0),30/11/22 23:00:00,A,D1110D,THS_T,FI,2016,2389.53,
ESTAT:APRO_MK_COLA$DEFAULTVIEW(1.0),30/11/22 23:00:00,A,D1110D,THS_T,FI,2017,2365.92,
ESTAT:APRO_MK_COLA$DEFAULTVIEW(1.0),30/11/22 23:00:00,A,D1110D,THS_T,FI,2018,2353.69,
ESTAT:APRO_MK_COLA$DEFAULTVIEW(1.0),30/11/22 23:00:00,A,D1110D,THS_T,FI,2019,2329.67,
ESTAT:APRO_MK_COLA$DEFAULTVIEW(1.0),30/11/22 23:00:00,A,D1110D,THS_T,FI,2020,2362.11,
ESTAT:APRO_MK_COLA$DEFAULTVIEW(1.0),30/11/22 23:00:00,A,D1110D,THS_T,FI,2021,2271.91,
ESTAT:APRO_MK_COLA$DEFAULTVIEW(1.0),30/11/22 23:00:00,A,D1110D,THS_T,FR,2012,24535.96,
ESTAT:APRO_MK_COLA$DEFAULTVIEW(1.0),30/11/22 23:00:00,A,D1110D,THS_T,FR,2013,23988.94,
ESTAT:APRO_MK_COLA$DEFAULTVIEW(1.0),30/11/22 23:00:00,A,D1110D,THS_T,FR,2014,25308.50,
ESTAT:APRO_MK_COLA$DEFAULTVIEW(1.0),30/11/22 23:00:00,A,D1110D,THS_T,FR,2015,25374.92,
ESTAT:APRO_MK_COLA$DEFAULTVIEW(1.0),30/11/22 23:00:00,A,D1110D,THS_T,FR,2016,24453.33,d
ESTAT:APRO_MK_COLA$DEFAULTVIEW(1.0),30/11/22 23:00:00,A,D1110D,THS_T,FR,2017,24629.49,p
ESTAT:APRO_MK_COLA$DEFAULTVIEW(1.0),30/11/22 23:00:00,A,D1110D,THS_T,FR,2018,24542.54,p
ESTAT:APRO_MK_COLA$DEFAULTVIEW(1.0),30/11/22 23:00:00,A,D1110D,THS_T,FR,2019,24526.30,p
ESTAT:APRO_MK_COLA$DEFAULTVIEW(1.0),30/11/22 23:00:00,A,D1110D,THS_T,FR,2020,24602.21,p
ESTAT:APRO_MK_COLA$DEFAULTVIEW(1.0),30/11/22 23:00:00,A,D1110D,THS_T,FR,2021,24198.75,p
ESTAT:APRO_MK_COLA$DEFAULTVIEW(1.0),30/11/22 23:00:00,A,D1110D,THS_T,HR,2012,602.16,
ESTAT:APRO_MK_COLA$DEFAULTVIEW(1.0),30/11/22 23:00:00,A,D1110D,THS_T,HR,2013,503.85,
ESTAT:APRO_MK_COLA$DEFAULTVIEW(1.0),30/11/22 23:00:00,A,D1110D,THS_T,HR,2014,522.69,
ESTAT:APRO_MK_COLA$DEFAULTVIEW(1.0),30/11/22 23:00:00,A,D1110D,THS_T,HR,2015,513.43,
ESTAT:APRO_MK_COLA$DEFAULTVIEW(1.0),30/11/22 23:00:00,A,D1110D,THS_T,HR,2016,489.66,
ESTAT:APRO_MK_COLA$DEFAULTVIEW(1.0),30/11/22 23:00:00,A,D1110D,THS_T,HR,2017,476.79,
ESTAT:APRO_MK_COLA$DEFAULTVIEW(1.0),30/11/22 23:00:00,A,D1110D,THS_T,HR,2018,453.47,
ESTAT:APRO_MK_COLA$DEFAULTVIEW(1.0),30/11/22 23:00:00,A,D1110D,THS_T,HR,2019,435.59,
ESTAT:APRO_MK_COLA$DEFAULTVIEW(1.0),30/11/22 23:00:00,A,D1110D,THS_T,HR,2020,434.00,
ESTAT:APRO_MK_COLA$DEFAULTVIEW(1.0),30/11/22 23:00:00,A,D1110D,THS_T,HR,2021,428.94,
ESTAT:APRO_MK_COLA$DEFAULTVIEW(1.0),30/11/22 23:00:00,A,D1110D,THS_T,HU,2012,1398.24,
ESTAT:APRO_MK_COLA$DEFAULTVIEW(1.0),30/11/22 23:00:00,A,D1110D,THS_T,HU,2013,1364.23,
ESTAT:APRO_MK_COLA$DEFAULTVIEW(1.0),30/11/22 23:00:00,A,D1110D,THS_T,HU,2014,1470.19,
ESTAT:APRO_MK_COLA$DEFAULTVIEW(1.0),30/11/22 23:00:00,A,D1110D,THS_T,HU,2015,1536.06,
ESTAT:APRO_MK_COLA$DEFAULTVIEW(1.0),30/11/22 23:00:00,A,D1110D,THS_T,HU,2016,1547.14,
ESTAT:APRO_MK_COLA$DEFAULTVIEW(1.0),30/11/22 23:00:00,A,D1110D,THS_T,HU,2017,1545.46,
ESTAT:APRO_MK_COLA$DEFAULTVIEW(1.0),30/11/22 23:00:00,A,D1110D,THS_T,HU,2018,1535.30,
ESTAT:APRO_MK_COLA$DEFAULTVIEW(1.0),30/11/22 23:00:00,A,D1110D,THS_T,HU,2019,1575.72,
ESTAT:APRO_MK_COLA$DEFAULTVIEW(1.0),30/11/22 23:00:00,A,D1110D,THS_T,HU,2020,1625.67,
ESTAT:APRO_MK_COLA$DEFAULTVIEW(1.0),30/11/22 23:00:00,A,D1110D,THS_T,HU,2021,1739.26,
ESTAT:APRO_MK_COLA$DEFAULTVIEW(1.0),30/11/22 23:00:00,A,D1110D,THS_T,IE,2012,5379.70,
ESTAT:APRO_MK_COLA$DEFAULTVIEW(1.0),30/11/22 23:00:00,A,D1110D,THS_T,IE,2013,5583.69,
ESTAT:APRO_MK_COLA$DEFAULTVIEW(1.0),30/11/22 23:00:00,A,D1110D,THS_T,IE,2014,5816.23,
ESTAT:APRO_MK_COLA$DEFAULTVIEW(1.0),30/11/22 23:00:00,A,D1110D,THS_T,IE,2015,6585.13,
ESTAT:APRO_MK_COLA$DEFAULTVIEW(1.0),30/11/22 23:00:00,A,D1110D,THS_T,IE,2016,6851.63,
ESTAT:APRO_MK_COLA$DEFAULTVIEW(1.0),30/11/22 23:00:00,A,D1110D,THS_T,IE,2017,7475.42,
ESTAT:APRO_MK_COLA$DEFAULTVIEW(1.0),30/11/22 23:00:00,A,D1110D,THS_T,IE,2018,7810.24,
ESTAT:APRO_MK_COLA$DEFAULTVIEW(1.0),30/11/22 23:00:00,A,D1110D,THS_T,IE,2019,8226.62,
ESTAT:APRO_MK_COLA$DEFAULTVIEW(1.0),30/11/22 23:00:00,A,D1110D,THS_T,IE,2020,8542.27,
ESTAT:APRO_MK_COLA$DEFAULTVIEW(1.0),30/11/22 23:00:00,A,D1110D,THS_T,IE,2021,9018.37,
ESTAT:APRO_MK_COLA$DEFAULTVIEW(1.0),30/11/22 23:00:00,A,D1110D,THS_T,IS,2012,,c
ESTAT:APRO_MK_COLA$DEFAULTVIEW(1.0),30/11/22 23:00:00,A,D1110D,THS_T,IS,2013,,c
ESTAT:APRO_MK_COLA$DEFAULTVIEW(1.0),30/11/22 23:00:00,A,D1110D,THS_T,IS,2014,138.00,
ESTAT:APRO_MK_COLA$DEFAULTVIEW(1.0),30/11/22 23:00:00,A,D1110D,THS_T,IS,2015,149.99,
ESTAT:APRO_MK_COLA$DEFAULTVIEW(1.0),30/11/22 23:00:00,A,D1110D,THS_T,IS,2017,155.65,
ESTAT:APRO_MK_COLA$DEFAULTVIEW(1.0),30/11/22 23:00:00,A,D1110D,THS_T,IS,2018,156.98,
ESTAT:APRO_MK_COLA$DEFAULTVIEW(1.0),30/11/22 23:00:00,A,D1110D,THS_T,IS,2019,156.39,
ESTAT:APRO_MK_COLA$DEFAULTVIEW(1.0),30/11/22 23:00:00,A,D1110D,THS_T,IS,2020,155.50,
ESTAT:APRO_MK_COLA$DEFAULTVIEW(1.0),30/11/22 23:00:00,A,D1110D,THS_T,IS,2021,153.29,
ESTAT:APRO_MK_COLA$DEFAULTVIEW(1.0),30/11/22 23:00:00,A,D1110D,THS_T,IT,2012,10003.80,
ESTAT:APRO_MK_COLA$DEFAULTVIEW(1.0),30/11/22 23:00:00,A,D1110D,THS_T,IT,2013,10397.47,
ESTAT:APRO_MK_COLA$DEFAULTVIEW(1.0),30/11/22 23:00:00,A,D1110D,THS_T,IT,2014,11024.11,
ESTAT:APRO_MK_COLA$DEFAULTVIEW(1.0),30/11/22 23:00:00,A,D1110D,THS_T,IT,2015,10640.98,p
ESTAT:APRO_MK_COLA$DEFAULTVIEW(1.0),30/11/22 23:00:00,A,D1110D,THS_T,IT,2016,10773.15,p
ESTAT:APRO_MK_COLA$DEFAULTVIEW(1.0),30/11/22 23:00:00,A,D1110D,THS_T,IT,2017,11902.24,
ESTAT:APRO_MK_COLA$DEFAULTVIEW(1.0),30/11/22 23:00:00,A,D1110D,THS_T,IT,2018,12070.75,p
ESTAT:APRO_MK_COLA$DEFAULTVIEW(1.0),30/11/22 23:00:00,A,D1110D,THS_T,IT,2019,11965.01,p
ESTAT:APRO_MK_COLA$DEFAULTVIEW(1.0),30/11/22 23:00:00,A,D1110D,THS_T,IT,2020,11894.79,p
ESTAT:APRO_MK_COLA$DEFAULTVIEW(1.0),30/11/22 23:00:00,A,D1110D,THS_T,IT,2021,13042.03,
ESTAT:APRO_MK_COLA$DEFAULTVIEW(1.0),30/11/22 23:00:00,A,D1110D,THS_T,LT,2012,1359.90,
ESTAT:APRO_MK_COLA$DEFAULTVIEW(1.0),30/11/22 23:00:00,A,D1110D,THS_T,LT,2013,1339.49,
ESTAT:APRO_MK_COLA$DEFAULTVIEW(1.0),30/11/22 23:00:00,A,D1110D,THS_T,LT,2014,1435.50,
ESTAT:APRO_MK_COLA$DEFAULTVIEW(1.0),30/11/22 23:00:00,A,D1110D,THS_T,LT,2015,1438.03,
ESTAT:APRO_MK_COLA$DEFAULTVIEW(1.0),30/11/22 23:00:00,A,D1110D,THS_T,LT,2016,1416.31,
ESTAT:APRO_MK_COLA$DEFAULTVIEW(1.0),30/11/22 23:00:00,A,D1110D,THS_T,LT,2017,1403.06,
ESTAT:APRO_MK_COLA$DEFAULTVIEW(1.0),30/11/22 23:00:00,A,D1110D,THS_T,LT,2018,1366.59,
ESTAT:APRO_MK_COLA$DEFAULTVIEW(1.0),30/11/22 23:00:00,A,D1110D,THS_T,LT,2019,1358.09,
ESTAT:APRO_MK_COLA$DEFAULTVIEW(1.0),30/11/22 23:00:00,A,D1110D,THS_T,LT,2020,1359.69,
ESTAT:APRO_MK_COLA$DEFAULTVIEW(1.0),30/11/22 23:00:00,A,D1110D,THS_T,LT,2021,1348.85,
ESTAT:APRO_MK_COLA$DEFAULTVIEW(1.0),30/11/22 23:00:00,A,D1110D,THS_T,LU,2012,277.33,
ESTAT:APRO_MK_COLA$DEFAULTVIEW(1.0),30/11/22 23:00:00,A,D1110D,THS_T,LU,2013,286.91,
ESTAT:APRO_MK_COLA$DEFAULTVIEW(1.0),30/11/22 23:00:00,A,D1110D,THS_T,LU,2014,305.54,
ESTAT:APRO_MK_COLA$DEFAULTVIEW(1.0),30/11/22 23:00:00,A,D1110D,THS_T,LU,2015,332.52,
ESTAT:APRO_MK_COLA$DEFAULTVIEW(1.0),30/11/22 23:00:00,A,D1110D,THS_T,LU,2016,361.99,
ESTAT:APRO_MK_COLA$DEFAULTVIEW(1.0),30/11/22 23:00:00,A,D1110D,THS_T,LU,2017,374.34,
ESTAT:APRO_MK_COLA$DEFAULTVIEW(1.0),30/11/22 23:00:00,A,D1110D,THS_T,LU,2018,394.78,
ESTAT:APRO_MK_COLA$DEFAULTVIEW(1.0),30/11/22 23:00:00,A,D1110D,THS_T,LU,2019,,c
ESTAT:APRO_MK_COLA$DEFAULTVIEW(1.0),30/11/22 23:00:00,A,D1110D,THS_T,LU,2020,,c
ESTAT:APRO_MK_COLA$DEFAULTVIEW(1.0),30/11/22 23:00:00,A,D1110D,THS_T,LU,2021,,c
ESTAT:APRO_MK_COLA$DEFAULTVIEW(1.0),30/11/22 23:00:00,A,D1110D,THS_T,LV,2012,718.38,
ESTAT:APRO_MK_COLA$DEFAULTVIEW(1.0),30/11/22 23:00:00,A,D1110D,THS_T,LV,2013,735.66,
ESTAT:APRO_MK_COLA$DEFAULTVIEW(1.0),30/11/22 23:00:00,A,D1110D,THS_T,LV,2014,804.50,
ESTAT:APRO_MK_COLA$DEFAULTVIEW(1.0),30/11/22 23:00:00,A,D1110D,THS_T,LV,2015,807.66,
ESTAT:APRO_MK_COLA$DEFAULTVIEW(1.0),30/11/22 23:00:00,A,D1110D,THS_T,LV,2016,814.01,
ESTAT:APRO_MK_COLA$DEFAULTVIEW(1.0),30/11/22 23:00:00,A,D1110D,THS_T,LV,2017,813.46,
ESTAT:APRO_MK_COLA$DEFAULTVIEW(1.0),30/11/22 23:00:00,A,D1110D,THS_T,LV,2018,780.64,
ESTAT:APRO_MK_COLA$DEFAULTVIEW(1.0),30/11/22 23:00:00,A,D1110D,THS_T,LV,2019,785.20,
ESTAT:APRO_MK_COLA$DEFAULTVIEW(1.0),30/11/22 23:00:00,A,D1110D,THS_T,LV,2020,790.50,
ESTAT:APRO_MK_COLA$DEFAULTVIEW(1.0),30/11/22 23:00:00,A,D1110D,THS_T,LV,2021,812.65,
ESTAT:APRO_MK_COLA$DEFAULTVIEW(1.0),30/11/22 23:00:00,A,D1110D,THS_T,ME,2013,25.20,
ESTAT:APRO_MK_COLA$DEFAULTVIEW(1.0),30/11/22 23:00:00,A,D1110D,THS_T,ME,2014,25.50,
ESTAT:APRO_MK_COLA$DEFAULTVIEW(1.0),30/11/22 23:00:00,A,D1110D,THS_T,ME,2015,25.10,
ESTAT:APRO_MK_COLA$DEFAULTVIEW(1.0),30/11/22 23:00:00,A,D1110D,THS_T,ME,2016,24.56,
ESTAT:APRO_MK_COLA$DEFAULTVIEW(1.0),30/11/22 23:00:00,A,D1110D,THS_T,ME,2017,25.96,
ESTAT:APRO_MK_COLA$DEFAULTVIEW(1.0),30/11/22 23:00:00,A,D1110D,THS_T,ME,2018,28.31,
ESTAT:APRO_MK_COLA$DEFAULTVIEW(1.0),30/11/22 23:00:00,A,D1110D,THS_T,ME,2019,27.96,
ESTAT:APRO_MK_COLA$DEFAULTVIEW(1.0),30/11/22 23:00:00,A,D1110D,THS_T,ME,2020,28.83,
ESTAT:APRO_MK_COLA$DEFAULTVIEW(1.0),30/11/22 23:00:00,A,D1110D,THS_T,MK,2019,115.59,
ESTAT:APRO_MK_COLA$DEFAULTVIEW(1.0),30/11/22 23:00:00,A,D1110D,THS_T,MK,2021,132.52,
ESTAT:APRO_MK_COLA$DEFAULTVIEW(1.0),30/11/22 23:00:00,A,D1110D,THS_T,MT,2012,,c
ESTAT:APRO_MK_COLA$DEFAULTVIEW(1.0),30/11/22 23:00:00,A,D1110D,THS_T,MT,2013,,c
ESTAT:APRO_MK_COLA$DEFAULTVIEW(1.0),30/11/22 23:00:00,A,D1110D,THS_T,MT,2014,42.77,
ESTAT:APRO_MK_COLA$DEFAULTVIEW(1.0),30/11/22 23:00:00,A,D1110D,THS_T,MT,2015,41.57,
ESTAT:APRO_MK_COLA$DEFAULTVIEW(1.0),30/11/22 23:00:00,A,D1110D,THS_T,MT,2016,43.13,
ESTAT:APRO_MK_COLA$DEFAULTVIEW(1.0),30/11/22 23:00:00,A,D1110D,THS_T,MT,2017,41.02,
ESTAT:APRO_MK_COLA$DEFAULTVIEW(1.0),30/11/22 23:00:00,A,D1110D,THS_T,MT,2018,40.41,
ESTAT:APRO_MK_COLA$DEFAULTVIEW(1.0),30/11/22 23:00:00,A,D1110D,THS_T,MT,2019,41.51,
ESTAT:APRO_MK_COLA$DEFAULTVIEW(1.0),30/11/22 23:00:00,A,D1110D,THS_T,MT,2021,39.54,
ESTAT:APRO_MK_COLA$DEFAULTVIEW(1.0),30/11/22 23:00:00,A,D1110D,THS_T,NL,2012,11675.60,
ESTAT:APRO_MK_COLA$DEFAULTVIEW(1.0),30/11/22 23:00:00,A,D1110D,THS_T,NL,2013,12212.60,
ESTAT:APRO_MK_COLA$DEFAULTVIEW(1.0),30/11/22 23:00:00,A,D1110D,THS_T,NL,2014,12473.00,
ESTAT:APRO_MK_COLA$DEFAULTVIEW(1.0),30/11/22 23:00:00,A,D1110D,THS_T,NL,2015,13330.90,
ESTAT:APRO_MK_COLA$DEFAULTVIEW(1.0),30/11/22 23:00:00,A,D1110D,THS_T,NL,2016,14324.20,
ESTAT:APRO_MK_COLA$DEFAULTVIEW(1.0),30/11/22 23:00:00,A,D1110D,THS_T,NL,2017,14295.90,
ESTAT:APRO_MK_COLA$DEFAULTVIEW(1.0),30/11/22 23:00:00,A,D1110D,THS_T,NL,2018,13880.80,
ESTAT:APRO_MK_COLA$DEFAULTVIEW(1.0),30/11/22 23:00:00,A,D1110D,THS_T,NL,2019,13801.90,
ESTAT:APRO_MK_COLA$DEFAULTVIEW(1.0),30/11/22 23:00:00,A,D1110D,THS_T,NL,2020,13986.60,
ESTAT:APRO_MK_COLA$DEFAULTVIEW(1.0),30/11/22 23:00:00,A,D1110D,THS_T,NL,2021,13603.40,
ESTAT:APRO_MK_COLA$DEFAULTVIEW(1.0),30/11/22 23:00:00,A,D1110D,THS_T,NO,2013,1574.00,
ESTAT:APRO_MK_COLA$DEFAULTVIEW(1.0),30/11/22 23:00:00,A,D1110D,THS_T,NO,2014,1558.00,
ESTAT:APRO_MK_COLA$DEFAULTVIEW(1.0),30/11/22 23:00:00,A,D1110D,THS_T,NO,2015,1570.00,
ESTAT:APRO_MK_COLA$DEFAULTVIEW(1.0),30/11/22 23:00:00,A,D1110D,THS_T,NO,2016,1572.10,
ESTAT:APRO_MK_COLA$DEFAULTVIEW(1.0),30/11/22 23:00:00,A,D1110D,THS_T,NO,2017,1542.80,
ESTAT:APRO_MK_COLA$DEFAULTVIEW(1.0),30/11/22 23:00:00,A,D1110D,THS_T,NO,2018,1565.20,
ESTAT:APRO_MK_COLA$DEFAULTVIEW(1.0),30/11/22 23:00:00,A,D1110D,THS_T,NO,2019,1526.36,
ESTAT:APRO_MK_COLA$DEFAULTVIEW(1.0),30/11/22 23:00:00,A,D1110D,THS_T,NO,2020,1545.06,
ESTAT:APRO_MK_COLA$DEFAULTVIEW(1.0),30/11/22 23:00:00,A,D1110D,THS_T,NO,2021,1575.49,
ESTAT:APRO_MK_COLA$DEFAULTVIEW(1.0),30/11/22 23:00:00,A,D1110D,THS_T,PL,2012,9843.48,
ESTAT:APRO_MK_COLA$DEFAULTVIEW(1.0),30/11/22 23:00:00,A,D1110D,THS_T,PL,2013,9921.26,
ESTAT:APRO_MK_COLA$DEFAULTVIEW(1.0),30/11/22 23:00:00,A,D1110D,THS_T,PL,2014,10581.42,
ESTAT:APRO_MK_COLA$DEFAULTVIEW(1.0),30/11/22 23:00:00,A,D1110D,THS_T,PL,2015,10869.20,
ESTAT:APRO_MK_COLA$DEFAULTVIEW(1.0),30/11/22 23:00:00,A,D1110D,THS_T,PL,2016,11129.96,
ESTAT:APRO_MK_COLA$DEFAULTVIEW(1.0),30/11/22 23:00:00,A,D1110D,THS_T,PL,2017,11647.09,
ESTAT:APRO_MK_COLA$DEFAULTVIEW(1.0),30/11/22 23:00:00,A,D1110D,THS_T,PL,2018,11945.62,
ESTAT:APRO_MK_COLA$DEFAULTVIEW(1.0),30/11/22 23:00:00,A,D1110D,THS_T,PL,2019,12174.96,
ESTAT:APRO_MK_COLA$DEFAULTVIEW(1.0),30/11/22 23:00:00,A,D1110D,THS_T,PL,2020,12457.39,
ESTAT:APRO_MK_COLA$DEFAULTVIEW(1.0),30/11/22 23:00:00,A,D1110D,THS_T,PL,2021,12515.42,
ESTAT:APRO_MK_COLA$DEFAULTVIEW(1.0),30/11/22 23:00:00,A,D1110D,THS_T,PT,2012,1854.69,
ESTAT:APRO_MK_COLA$DEFAULTVIEW(1.0),30/11/22 23:00:00,A,D1110D,THS_T,PT,2013,1776.63,
ESTAT:APRO_MK_COLA$DEFAULTVIEW(1.0),30/11/22 23:00:00,A,D1110D,THS_T,PT,2014,1863.45,
ESTAT:APRO_MK_COLA$DEFAULTVIEW(1.0),30/11/22 23:00:00,A,D1110D,THS_T,PT,2015,1927.98,
ESTAT:APRO_MK_COLA$DEFAULTVIEW(1.0),30/11/22 23:00:00,A,D1110D,THS_T,PT,2016,1842.76,
ESTAT:APRO_MK_COLA$DEFAULTVIEW(1.0),30/11/22 23:00:00,A,D1110D,THS_T,PT,2017,1850.79,
ESTAT:APRO_MK_COLA$DEFAULTVIEW(1.0),30/11/22 23:00:00,A,D1110D,THS_T,PT,2018,1894.21,
ESTAT:APRO_MK_COLA$DEFAULTVIEW(1.0),30/11/22 23:00:00,A,D1110D,THS_T,PT,2019,1892.01,
ESTAT:APRO_MK_COLA$DEFAULTVIEW(1.0),30/11/22 23:00:00,A,D1110D,THS_T,PT,2020,1919.51,
ESTAT:APRO_MK_COLA$DEFAULTVIEW(1.0),30/11/22 23:00:00,A,D1110D,THS_T,PT,2021,1909.09,
ESTAT:APRO_MK_COLA$DEFAULTVIEW(1.0),30/11/22 23:00:00,A,D1110D,THS_T,RO,2012,883.71,
ESTAT:APRO_MK_COLA$DEFAULTVIEW(1.0),30/11/22 23:00:00,A,D1110D,THS_T,RO,2013,879.07,
ESTAT:APRO_MK_COLA$DEFAULTVIEW(1.0),30/11/22 23:00:00,A,D1110D,THS_T,RO,2014,995.38,
ESTAT:APRO_MK_COLA$DEFAULTVIEW(1.0),30/11/22 23:00:00,A,D1110D,THS_T,RO,2015,915.95,
ESTAT:APRO_MK_COLA$DEFAULTVIEW(1.0),30/11/22 23:00:00,A,D1110D,THS_T,RO,2016,953.41,p
ESTAT:APRO_MK_COLA$DEFAULTVIEW(1.0),30/11/22 23:00:00,A,D1110D,THS_T,RO,2017,1028.33,
ESTAT:APRO_MK_COLA$DEFAULTVIEW(1.0),30/11/22 23:00:00,A,D1110D,THS_T,RO,2018,1109.31,p
ESTAT:APRO_MK_COLA$DEFAULTVIEW(1.0),30/11/22 23:00:00,A,D1110D,THS_T,RO,2019,1122.33,p
ESTAT:APRO_MK_COLA$DEFAULTVIEW(1.0),30/11/22 23:00:00,A,D1110D,THS_T,RO,2020,1134.90,p
ESTAT:APRO_MK_COLA$DEFAULTVIEW(1.0),30/11/22 23:00:00,A,D1110D,THS_T,RO,2021,1125.66,p
ESTAT:APRO_MK_COLA$DEFAULTVIEW(1.0),30/11/22 23:00:00,A,D1110D,THS_T,RS,2012,733.04,
ESTAT:APRO_MK_COLA$DEFAULTVIEW(1.0),30/11/22 23:00:00,A,D1110D,THS_T,RS,2013,767.62,
ESTAT:APRO_MK_COLA$DEFAULTVIEW(1.0),30/11/22 23:00:00,A,D1110D,THS_T,RS,2014,817.78,
ESTAT:APRO_MK_COLA$DEFAULTVIEW(1.0),30/11/22 23:00:00,A,D1110D,THS_T,RS,2015,861.97,
ESTAT:APRO_MK_COLA$DEFAULTVIEW(1.0),30/11/22 23:00:00,A,D1110D,THS_T,RS,2016,844.66,
ESTAT:APRO_MK_COLA$DEFAULTVIEW(1.0),30/11/22 23:00:00,A,D1110D,THS_T,RS,2017,862.07,
ESTAT:APRO_MK_COLA$DEFAULTVIEW(1.0),30/11/22 23:00:00,A,D1110D,THS_T,RS,2018,866.97,
ESTAT:APRO_MK_COLA$DEFAULTVIEW(1.0),30/11/22 23:00:00,A,D1110D,THS_T,RS,2019,873.95,
ESTAT:APRO_MK_COLA$DEFAULTVIEW(1.0),30/11/22 23:00:00,A,D1110D,THS_T,RS,2020,907.65,
ESTAT:APRO_MK_COLA$DEFAULTVIEW(1.0),30/11/22 23:00:00,A,D1110D,THS_T,RS,2021,891.80,
ESTAT:APRO_MK_COLA$DEFAULTVIEW(1.0),30/11/22 23:00:00,A,D1110D,THS_T,SE,2012,2861.17,
ESTAT:APRO_MK_COLA$DEFAULTVIEW(1.0),30/11/22 23:00:00,A,D1110D,THS_T,SE,2013,2867.55,
ESTAT:APRO_MK_COLA$DEFAULTVIEW(1.0),30/11/22 23:00:00,A,D1110D,THS_T,SE,2014,2931.25,
ESTAT:APRO_MK_COLA$DEFAULTVIEW(1.0),30/11/22 23:00:00,A,D1110D,THS_T,SE,2015,2933.16,
ESTAT:APRO_MK_COLA$DEFAULTVIEW(1.0),30/11/22 23:00:00,A,D1110D,THS_T,SE,2016,2861.99,
ESTAT:APRO_MK_COLA$DEFAULTVIEW(1.0),30/11/22 23:00:00,A,D1110D,THS_T,SE,2017,2816.65,
ESTAT:APRO_MK_COLA$DEFAULTVIEW(1.0),30/11/22 23:00:00,A,D1110D,THS_T,SE,2018,2760.23,
ESTAT:APRO_MK_COLA$DEFAULTVIEW(1.0),30/11/22 23:00:00,A,D1110D,THS_T,SE,2019,2704.39,
ESTAT:APRO_MK_COLA$DEFAULTVIEW(1.0),30/11/22 23:00:00,A,D1110D,THS_T,SE,2020,2772.74,
ESTAT:APRO_MK_COLA$DEFAULTVIEW(1.0),30/11/22 23:00:00,A,D1110D,THS_T,SE,2021,2782.22,
ESTAT:APRO_MK_COLA$DEFAULTVIEW(1.0),30/11/22 23:00:00,A,D1110D,THS_T,SI,2012,535.06,
ESTAT:APRO_MK_COLA$DEFAULTVIEW(1.0),30/11/22 23:00:00,A,D1110D,THS_T,SI,2013,516.97,
ESTAT:APRO_MK_COLA$DEFAULTVIEW(1.0),30/11/22 23:00:00,A,D1110D,THS_T,SI,2014,531.69,
ESTAT:APRO_MK_COLA$DEFAULTVIEW(1.0),30/11/22 23:00:00,A,D1110D,THS_T,SI,2015,553.68,
ESTAT:APRO_MK_COLA$DEFAULTVIEW(1.0),30/11/22 23:00:00,A,D1110D,THS_T,SI,2016,574.71,
ESTAT:APRO_MK_COLA$DEFAULTVIEW(1.0),30/11/22 23:00:00,A,D1110D,THS_T,SI,2017,578.85,
ESTAT:APRO_MK_COLA$DEFAULTVIEW(1.0),30/11/22 23:00:00,A,D1110D,THS_T,SI,2018,570.64,
ESTAT:APRO_MK_COLA$DEFAULTVIEW(1.0),30/11/22 23:00:00,A,D1110D,THS_T,SI,2019,563.97,
ESTAT:APRO_MK_COLA$DEFAULTVIEW(1.0),30/11/22 23:00:00,A,D1110D,THS_T,SI,2020,580.11,
ESTAT:APRO_MK_COLA$DEFAULTVIEW(1.0),30/11/22 23:00:00,A,D1110D,THS_T,SI,2021,588.77,
ESTAT:APRO_MK_COLA$DEFAULTVIEW(1.0),30/11/22 23:00:00,A,D1110D,THS_T,SK,2012,851.25,
ESTAT:APRO_MK_COLA$DEFAULTVIEW(1.0),30/11/22 23:00:00,A,D1110D,THS_T,SK,2013,826.73,
ESTAT:APRO_MK_COLA$DEFAULTVIEW(1.0),30/11/22 23:00:00,A,D1110D,THS_T,SK,2014,843.69,
ESTAT:APRO_MK_COLA$DEFAULTVIEW(1.0),30/11/22 23:00:00,A,D1110D,THS_T,SK,2015,864.63,
ESTAT:APRO_MK_COLA$DEFAULTVIEW(1.0),30/11/22 23:00:00,A,D1110D,THS_T,SK,2016,822.74,
ESTAT:APRO_MK_COLA$DEFAULTVIEW(1.0),30/11/22 23:00:00,A,D1110D,THS_T,SK,2017,825.89,
ESTAT:APRO_MK_COLA$DEFAULTVIEW(1.0),30/11/22 23:00:00,A,D1110D,THS_T,SK,2018,818.22,
ESTAT:APRO_MK_COLA$DEFAULTVIEW(1.0),30/11/22 23:00:00,A,D1110D,THS_T,SK,2019,814.73,
ESTAT:APRO_MK_COLA$DEFAULTVIEW(1.0),30/11/22 23:00:00,A,D1110D,THS_T,SK,2020,833.79,
ESTAT:APRO_MK_COLA$DEFAULTVIEW(1.0),30/11/22 23:00:00,A,D1110D,THS_T,SK,2021,822.96,
ESTAT:APRO_MK_COLA$DEFAULTVIEW(1.0),30/11/22 23:00:00,A,D1110D,THS_T,TR,2012,7932.50,
ESTAT:APRO_MK_COLA$DEFAULTVIEW(1.0),30/11/22 23:00:00,A,D1110D,THS_T,TR,2013,7938.40,
ESTAT:APRO_MK_COLA$DEFAULTVIEW(1.0),30/11/22 23:00:00,A,D1110D,THS_T,TR,2014,8630.00,
ESTAT:APRO_MK_COLA$DEFAULTVIEW(1.0),30/11/22 23:00:00,A,D1110D,THS_T,TR,2015,8936.90,
ESTAT:APRO_MK_COLA$DEFAULTVIEW(1.0),30/11/22 23:00:00,A,D1110D,THS_T,TR,2016,9213.50,
ESTAT:APRO_MK_COLA$DEFAULTVIEW(1.0),30/11/22 23:00:00,A,D1110D,THS_T,TR,2017,9111.50,
ESTAT:APRO_MK_COLA$DEFAULTVIEW(1.0),30/11/22 23:00:00,A,D1110D,THS_T,TR,2018,10028.30,
ESTAT:APRO_MK_COLA$DEFAULTVIEW(1.0),30/11/22 23:00:00,A,D1110D,THS_T,TR,2019,9559.90,
ESTAT:APRO_MK_COLA$DEFAULTVIEW(1.0),30/11/22 23:00:00,A,D1110D,THS_T,TR,2020,9840.97,
ESTAT:APRO_MK_COLA$DEFAULTVIEW(1.0),30/11/22 23:00:00,A,D1110D,THS_T,TR,2021,10069.70,
ESTAT:APRO_MK_COLA$DEFAULTVIEW(1.0),30/11/22 23:00:00,A,D1110D,THS_T,UK,2012,13590.60,p
ESTAT:APRO_MK_COLA$DEFAULTVIEW(1.0),30/11/22 23:00:00,A,D1110D,THS_T,UK,2013,13687.40,p
ESTAT:APRO_MK_COLA$DEFAULTVIEW(1.0),30/11/22 23:00:00,A,D1110D,THS_T,UK,2014,14828.80,p
ESTAT:APRO_MK_COLA$DEFAULTVIEW(1.0),30/11/22 23:00:00,A,D1110D,THS_T,UK,2015,15191.30,
ESTAT:APRO_MK_COLA$DEFAULTVIEW(1.0),30/11/22 23:00:00,A,D1110D,THS_T,UK,2016,14542.00,
ESTAT:APRO_MK_COLA$DEFAULTVIEW(1.0),30/11/22 23:00:00,A,D1110D,THS_T,UK,2017,15144.70,
ESTAT:APRO_MK_COLA$DEFAULTVIEW(1.0),30/11/22 23:00:00,A,D1110D,THS_T,UK,2018,15188.10,
ESTAT:APRO_MK_COLA$DEFAULTVIEW(1.0),30/11/22 23:00:00,A,D1110D,THS_T,UK,2019,15428.20,
